,count,mean,std,min,lq,med,uq,max
HV,10.0,0.8524730588560375,0.0028161080370084518,0.8490142604851207,0.8497455058047103,0.8530681467776751,0.8540614950883221,0.8577315376575322
