,count,mean,std,min,lq,med,uq,max
HV,10.0,0.7986488380567935,0.022977617681528124,0.74120082815735,0.7947763614738639,0.8042633284076393,0.8118649158427143,0.8209321976204492
