,count,mean,std,min,lq,med,uq,max
HV,10.0,0.8200999640006824,0.0028451373515023153,0.81552381931153,0.81905563997803,0.8200775360075421,0.8217696808520791,0.8247241167485813
