,count,mean,std,min,lq,med,uq,max
HV,10.0,0.6731404993788344,0.050869550557020395,0.5808474855630257,0.6528116936820172,0.6927858357498415,0.698745715407127,0.729993275591681
