,count,mean,std,min,lq,med,uq,max
HV,10.0,0.7946228239845261,0.021866956845131506,0.7514438691126941,0.7867532867995404,0.7970317687246458,0.806464873393643,0.8306690534257603
