,count,mean,std,min,lq,med,uq,max
HV,10.0,0.8216423402212486,0.0026386923972822243,0.816205309663782,0.8201364482622109,0.8223198682727137,0.8229364851509511,0.825776251021974
