,count,mean,std,min,lq,med,uq,max,outliers
HV,10.0,0.7646673082192608,0.022393026140173366,0.7228212742117646,0.7501413349644712,0.7702983795758458,0.78260522426592,0.7925823008201911,
