,count,mean,std,min,lq,med,uq,max
HV,20.0,0.6969151695870506,0.00585430018734193,0.683046991756029,0.6940961363259366,0.6979502899278347,0.6998098191837745,0.7056015226812733
