,count,mean,std,min,lq,med,uq,max
HV,19.0,0.6976450736834201,0.0049929672030091165,0.6872705579523363,0.6948089431833193,0.6979645225161124,0.7003316985047012,0.7056015226812733
