,count,mean,std,min,lq,med,uq,max
HV,10.0,0.7445578742171459,0.00698172571041482,0.7299670815658318,0.7410759590993463,0.7462169159899751,0.7483038913658305,0.7549824728897561
