,count,mean,std,min,lq,med,uq,max
HV,10.0,0.7837142136309574,0.043987968862336434,0.674256240213687,0.7861990460972885,0.7943406578004173,0.8024177949709864,0.8338679513517627
