,count,mean,std,min,lq,med,uq,max
HV,9.0,0.589092697668805,0.006032071657493262,0.5799147924567004,0.5866719104208821,0.5879743842485928,0.5910955608852301,0.5988303193362619
