,count,mean,std,min,lq,med,uq,max
HV,10.0,0.5872278136831601,0.008192736708962159,0.5704438578123565,0.5837656644690339,0.5877256222661229,0.5909320273319939,0.5988303193362619
