,count,mean,std,min,lq,med,uq,max
HV,10.0,0.7664931336297185,0.039074914441387554,0.6577897346020978,0.772438291061549,0.7759777869407358,0.7848346371714315,0.7910306881998145
