,count,mean,std,min,lq,med,uq,max,outliers
HV,20.0,0.729500222256929,0.01775681276224078,0.7077341406666106,0.715437645918682,0.7228908618362827,0.7438589008894281,0.7660847940218892,
