,count,mean,std,min,lq,med,uq,max
HV,10.0,0.7952955216229963,0.02266142554785497,0.7534822254526233,0.7776461589597574,0.8048612195698228,0.809061675296643,0.8210771652029747
