,count,mean,std,min,lq,med,uq,max
HV,10.0,0.7664823234781547,0.016378114447952483,0.7430295590380076,0.7560108978653794,0.7687905642129502,0.7764589647123837,0.7897870308762782
