,count,mean,std,min,lq,med,uq,max
HV,10.0,0.6063733658923278,0.07755705762932086,0.4723332182565437,0.5895677820007799,0.6119909517193673,0.6535385532780356,0.7175097757397659
