,count,mean,std,min,lq,med,uq,max,outliers
HV,20.0,0.7416635883320868,0.008979532534183293,0.7268349529167997,0.7349457661285492,0.7434381938341503,0.7462840592623738,0.7576486898932931,
