,count,mean,std,min,lq,med,uq,max
HV,20.0,0.6914083234466626,0.006185947671750671,0.6805629779453138,0.6880858004459656,0.6910821732425168,0.6950664360583847,0.7043229663289303
