,count,mean,std,min,lq,med,uq,max
HV,10.0,0.8012729915782645,0.0114477551911453,0.7761756590618755,0.7978739422772726,0.8028857359107129,0.8051339348286619,0.8165054803352677
