,count,mean,std,min,lq,med,uq,max
HV,10.0,0.7347689989812745,0.03509422071131402,0.6370584896345788,0.7406089272989254,0.742278864270653,0.7505416451321689,0.757107223424623
