,count,mean,std,min,lq,med,uq,max,outliers
HV,20.0,0.8129832150186764,0.003233716388943391,0.8060269635863084,0.8111196331460793,0.813037097359675,0.8146578408333062,0.81963862679661,
