,count,mean,std,min,lq,med,uq,max
HV,10.0,0.7379214550348258,0.05069549424854562,0.6162025423990045,0.7295949225935479,0.7577095471274482,0.7635282937111377,0.7931622588012219
