,count,mean,std,min,lq,med,uq,max
HV,10.0,0.7746436480571541,0.03992838348113799,0.7051535575124845,0.7548994637801296,0.7804982559839173,0.8018475357513285,0.8358486410290296
