,count,mean,std,min,lq,med,uq,max
HV,10.0,0.751406345941745,0.04419119450446035,0.6565899240330737,0.7533294647469252,0.7652424520429104,0.7682901739783579,0.7951553849378514
