,count,mean,std,min,lq,med,uq,max
HV,10.0,0.7417991591932734,0.005677671965259769,0.7311516420900523,0.7406882893129392,0.7415905798250435,0.744479204487187,0.7497384012894271
