,count,mean,std,min,lq,med,uq,max,outliers
HV,10.0,0.6988014127320381,0.02218466315281044,0.6642191271004994,0.6883162004835457,0.700920177493585,0.71071188954281,0.7365651548499448,
