,count,mean,std,min,lq,med,uq,max,outliers
HV,10.0,0.7919773658349052,0.03303730584294583,0.7506645682408865,0.7595176023483146,0.8002070393374743,0.8182981526644801,0.8347361549951744,
