,count,mean,std,min,lq,med,uq,max,outliers
HV,20.0,0.8498330470023348,0.0023782261607015603,0.8461621634609608,0.8479087825526308,0.8496774271057341,0.8514797105453905,0.8540144406934418,
