,count,mean,std,min,lq,med,uq,max
HV,10.0,0.7483978679353332,0.05456643078641861,0.6382265899379682,0.7256921000676781,0.7557896928849751,0.790158623368614,0.8096695780322052
