,count,mean,std,min,lq,med,uq,max,outliers
HV,20.0,0.8451289690882661,0.0039972801495805396,0.8378837936654772,0.841709015622059,0.8463563879845102,0.8476921321047131,0.8519648713913284,
