,count,mean,std,min,lq,med,uq,max,outliers
HV,20.0,0.7520208841009972,0.0030276426606250656,0.7467989210761153,0.749590911787052,0.751797455976972,0.7541957890992838,0.7605502951816165,
