,count,mean,std,min,lq,med,uq,max
HV,20.0,0.8163297571993224,0.008145953193984288,0.7979360140322214,0.8134054967542481,0.8161162303622989,0.8225580771371706,0.8297600025629628
