,count,mean,std,min,lq,med,uq,max
HV,10.0,0.6912178890169143,0.0244495041124713,0.6604332238042725,0.6758997082934363,0.6792209552640656,0.7110806222514934,0.7322804208143145
