,count,mean,std,min,lq,med,uq,max
HV,10.0,0.7153891741880832,0.036586116903510296,0.639820134490591,0.7064463757898254,0.7231630512106131,0.7329785193241891,0.7651101287109624
