,count,mean,std,min,lq,med,uq,max
HV,10.0,0.6814862014260015,0.042072021052305335,0.6129152034853205,0.6440508429133138,0.6962967663813324,0.712644915528623,0.7251127365529025
