,count,mean,std,min,lq,med,uq,max
HV,10.0,0.7737438260195707,0.010755124270847762,0.7549939305979132,0.7657085294126486,0.7758694150951588,0.7810113989276313,0.7882584838723343
