,count,mean,std,min,lq,med,uq,max
HV,10.0,0.8098510678344166,0.011567852239970922,0.7811061587194801,0.8081710457288627,0.8119273880605982,0.8175154478577236,0.8211132068671383
