,count,mean,std,min,lq,med,uq,max,outliers
HV,10.0,0.755415253508265,0.004571429300513522,0.7495204477274292,0.7508660262491542,0.7570827842684746,0.758240054251561,0.7619672562311242,
