,count,mean,std,min,lq,med,uq,max
HV,10.0,0.7583909399265552,0.04553763037952239,0.6956225396558422,0.7213693029141688,0.7594387111500895,0.7970818265915398,0.822315396598468
