,count,mean,std,min,lq,med,uq,max
HV,10.0,0.7213223269130826,0.04490282949682461,0.6327091315002569,0.7363137647057824,0.7386065291898418,0.7439350604466725,0.7535821764237368
