,count,mean,std,min,lq,med,uq,max
HV,20.0,0.7508214976852885,0.0030142145533647697,0.7448404756630482,0.7488096799877567,0.7502514647478808,0.7533516543993369,0.7557991965543304
