,count,mean,std,min,lq,med,uq,max
HV,10.0,0.7658408678475368,0.038286467146077786,0.6603902502281535,0.7666341118348203,0.7763859978392286,0.7830668925924379,0.7936989386090203
