,count,mean,std,min,lq,med,uq,max
HV,10.0,0.7311743053327765,0.06109789804663566,0.6308066134653286,0.6796707049593567,0.7627601074054097,0.7743968860387265,0.7958207646411
