,count,mean,std,min,lq,med,uq,max
HV,10.0,0.7057045823163344,0.07193817594827388,0.6170545741368865,0.640766185838801,0.7077312032207368,0.7693118694814364,0.7962172764721187
