,count,mean,std,min,lq,med,uq,max
HV,10.0,0.7607647887805025,0.003089706129000802,0.7559538894011644,0.7585746633132033,0.7605918580794394,0.7620242684990675,0.7656098824364951
