,count,mean,std,min,lq,med,uq,max
HV,10.0,0.7553245550272758,0.045637362640098655,0.6892959731165025,0.7103114929638676,0.7724364647480216,0.7965963012559268,0.8019519009479429
