,count,mean,std,min,lq,med,uq,max
HV,20.0,0.8138295771889494,0.0033354820927461817,0.8079531748136851,0.8120041641268343,0.8136152264888696,0.8153536986506631,0.8204570893942574
