,count,mean,std,min,lq,med,uq,max
HV,19.0,0.813480760757091,0.003029004895620933,0.8079531748136851,0.8117313060324158,0.8134583412071686,0.815263226327555,0.8197927605510509
