,count,mean,std,min,lq,med,uq,max
HV,10.0,0.796056561384961,0.02677533561676434,0.7447601427249901,0.7940128788879945,0.8031244118200639,0.8083019971086577,0.8361217567508039
