,count,mean,std,min,lq,med,uq,max
HV,10.0,0.7843750575665469,0.08853323333196678,0.5336969536784523,0.8017217903896905,0.8093199738898167,0.8195602116046148,0.8257641833960057
