,count,mean,std,min,lq,med,uq,max
HV,20.0,0.7191727136429484,0.0077340789510554975,0.703858491419806,0.7144640133638216,0.7194403155470248,0.7240286485170279,0.735095930012376
