,count,mean,std,min,lq,med,uq,max
HV,10.0,0.765407322591777,0.020243206482627184,0.7262249438921963,0.7566829025558499,0.7664667458741,0.7785458528209489,0.7992262365211208
