,count,mean,std,min,lq,med,uq,max,outliers
HV,10.0,0.6873077234757666,0.05360083477605447,0.5927289917640061,0.6552122901379627,0.6710639786073431,0.7420946061143681,0.7490783311656857,
