,count,mean,std,min,lq,med,uq,max,outliers
HV,10.0,0.7539967386978126,0.0025673091741583633,0.750014109918413,0.7521703532657896,0.7548563275390769,0.7557845926424238,0.7574792799859477,
