,count,mean,std,min,lq,med,uq,max
HV,10.0,0.4047054394880482,0.09160412181227248,0.2399069324138705,0.3425317667223311,0.4073328768055873,0.48244090168234477,0.5226465794458394
