,count,mean,std,min,lq,med,uq,max
HV,10.0,0.6723265113762041,0.19955142791226488,0.1093133520953581,0.730899858587728,0.7437929285993382,0.7482274206317032,0.7546161439916065
