,count,mean,std,min,lq,med,uq,max
HV,20.0,0.8131357364390623,0.003185774864842029,0.8073063070000195,0.8103442761166336,0.813689739826954,0.8155374297258922,0.8181401232213104
