,count,mean,std,min,lq,med,uq,max,outliers
HV,20.0,0.8481625158683437,0.0029547534781107164,0.8424434646451298,0.8469218416489462,0.8477632142757028,0.8507494663831388,0.85309417686846,
