,count,mean,std,min,lq,med,uq,max
HV,20.0,0.8508820997072618,0.0023958006050995386,0.8464376819603463,0.8491097708951547,0.8512680658841622,0.8518609512596561,0.8559014220438828
