,count,mean,std,min,lq,med,uq,max,outliers
HV,10.0,0.7516025325276019,0.04167570649910336,0.6729146893809244,0.7312897709752474,0.7554192646699583,0.7778031404303374,0.8102222168827165,
