,count,mean,std,min,lq,med,uq,max
HV,10.0,0.7908681635971182,0.029130270663401195,0.7258967366275413,0.77845068899648,0.7955732827148185,0.8092809287536391,0.8235968779909575
