,count,mean,std,min,lq,med,uq,max
HV,20.0,0.7512090805478652,0.004070731754969019,0.7469960631099131,0.7485579696724645,0.7496230236662267,0.752242544190258,0.7606414301127165
