,count,mean,std,min,lq,med,uq,max
HV,10.0,0.7145910720724709,0.038238011606629506,0.6121000251220493,0.7149811222462267,0.7230853613010049,0.7285658458114216,0.7581166701744919
