,count,mean,std,min,lq,med,uq,max
HV,10.0,0.7472859846359591,0.045917166932417396,0.6578294261443175,0.74815514729626,0.7640829853615907,0.7747342819157566,0.7895026082447778
