,count,mean,std,min,lq,med,uq,max
HV,10.0,0.7722269343360925,0.030976184807620287,0.7348246573038433,0.7430067157634226,0.7716632427085712,0.7971537096883997,0.8145239897321304
