,count,mean,std,min,lq,med,uq,max,outliers
HV,10.0,0.746618275272453,0.019736664237099848,0.7206772303585527,0.7315693534477488,0.746409476489347,0.7546825955422659,0.7837552719160772,
