,count,mean,std,min,lq,med,uq,max,outliers
HV,10.0,0.7124685790309093,0.03811154494406888,0.6692126721009228,0.683099092060985,0.7001261925535427,0.7355133276416317,0.7837718039244208,
