,count,mean,std,min,lq,med,uq,max
HV,20.0,0.740855235058811,0.0065553934746967295,0.7285829646794466,0.7358872891330024,0.7402228603565598,0.7461021564044041,0.7510690013385621
