,count,mean,std,min,lq,med,uq,max,outliers
HV,20.0,0.7787425040173311,0.0058933475737079155,0.7695233525266066,0.7741525502911155,0.7795130806489088,0.7830005684746699,0.7902896821098623,
