,count,mean,std,min,lq,med,uq,max,outliers
HV,20.0,0.7030341310615771,0.004958231469672097,0.6945732712255243,0.6989647762613458,0.7041872574342247,0.7060360768697429,0.71032470297296,
