,count,mean,std,min,lq,med,uq,max
HV,10.0,0.8237221381974162,0.0012558871655943384,0.8212706429017564,0.8231852895920504,0.8236453061138042,0.8242152212741672,0.8258065381283091
