,count,mean,std,min,lq,med,uq,max
HV,10.0,0.7292265518401579,0.037773745272018586,0.6225020384435193,0.7360641580686241,0.7411666400583444,0.7434099009907361,0.7477715036216346
