,count,mean,std,min,lq,med,uq,max
HV,10.0,0.5470755083340153,0.07439213943898498,0.4092067726007526,0.5226944710322051,0.5648403673168952,0.5929344626490239,0.6406040199983766
