,count,mean,std,min,lq,med,uq,max,outliers
HV,10.0,0.755345858915336,0.0035263793135532706,0.7516017981751729,0.7525321371809411,0.7542922772835774,0.7577675813633884,0.7615405724440314,
