,count,mean,std,min,lq,med,uq,max
HV,19.0,0.7457695922348746,0.0043502511949495845,0.7383450886674858,0.7424222066259327,0.7459300042554172,0.7489535803403982,0.7531794281607723
