,count,mean,std,min,lq,med,uq,max
HV,20.0,0.7450245229000242,0.005388062328616094,0.7308682055378659,0.7422769368687856,0.7458942145065219,0.7489310196345416,0.7531794281607723
