,count,mean,std,min,lq,med,uq,max
HV,10.0,0.8433932025421388,0.0016744596889799025,0.8398044139024714,0.8427984750371431,0.8436352423401452,0.8445943510698368,0.845492589433385
