,count,mean,std,min,lq,med,uq,max
HV,10.0,0.722389081778536,0.05469966440042126,0.6326289190303992,0.6798843463043278,0.7290239516881517,0.7540550876813596,0.80949898082183
