,count,mean,std,min,lq,med,uq,max
HV,10.0,0.709236751385312,0.08525436318121177,0.4880037677503782,0.7402767719381532,0.7415853548325662,0.7461585310540878,0.7636364351238321
