,count,mean,std,min,lq,med,uq,max,outliers
HV,20.0,0.7948963924847932,0.003290990183039641,0.7887161410356116,0.7932451644243648,0.7947623543980108,0.7968584584729961,0.8022201240896151,
