,count,mean,std,min,lq,med,uq,max,outliers
HV,20.0,0.7491690213800369,0.021387303522671437,0.7061075457680515,0.7276661730568906,0.759468068759671,0.763391257373433,0.7695996693334346,
