,count,mean,std,min,lq,med,uq,max
HV,10.0,0.6810940117370052,0.06353231451734481,0.5462847516409348,0.6559957028500996,0.7049444852277824,0.7260781359417442,0.738088248682474
