,count,mean,std,min,lq,med,uq,max,outliers
HV,30.0,0.5599803673718335,0.004666703274520543,0.5523663955915331,0.5568802673816993,0.5598871577649945,0.5628409558056862,0.5716329793041662,
