,count,mean,std,min,lq,med,uq,max
0,30.0,70378.76666666666,20747.64276379423,39901.0,56401.0,61351.0,90292.0,117051.0
