,count,mean,std,min,lq,med,uq,max
HV,10.0,0.7425954847693392,0.007278028303874471,0.7304495719701332,0.7397364937565869,0.7449068466626392,0.7478089200554076,0.750968113026371
