,count,mean,std,min,lq,med,uq,max,outliers
HV,10.0,0.7153330850463135,0.03600176784739814,0.6552734961615627,0.6851874767230919,0.7222445146589458,0.7455472526240333,0.7582701603053129,
