,count,mean,std,min,lq,med,uq,max,outliers
HV,20.0,0.7521406476133115,0.00316355412446188,0.7477661533030054,0.7490480329739955,0.7519583180377792,0.7539834411124492,0.7600716097946416,
