,count,mean,std,min,lq,med,uq,max
HV,10.0,0.6984197631494905,0.10465733898344569,0.4016086805136697,0.7248202151196124,0.7286393832963273,0.7322880337329954,0.754342760246219
