,count,mean,std,min,lq,med,uq,max
HV,10.0,0.757877122752515,0.04183560016690459,0.6550163499608026,0.7484819006770543,0.7739516285162843,0.7749822804436591,0.8049931533676113
