,count,mean,std,min,lq,med,uq,max,outliers
HV,10.0,0.809203519268274,0.01605794135086587,0.7854712047126479,0.7967320222176837,0.8102178117904297,0.8173594675444815,0.8381537056837702,
