,count,mean,std,min,lq,med,uq,max
HV,10.0,0.7606711045930337,0.005421934550575928,0.7522320104184212,0.7573621774964417,0.7589792247070968,0.7640128015994021,0.7699452508936638
