,count,mean,std,min,lq,med,uq,max,outliers
HV,10.0,0.8162169539037756,0.0030302069297651005,0.8108630925728704,0.8147042189167482,0.8162953714153642,0.818518969054314,0.8198120872379129,
