,count,mean,std,min,lq,med,uq,max
HV,10.0,0.7915564792900595,0.03062007488851273,0.7213715054603121,0.7941692596641718,0.8051920019542592,0.8085034299650395,0.8146104897261234
