,count,mean,std,min,lq,med,uq,max,outliers
HV,20.0,0.7765750807933973,0.013475045769244163,0.7551689753354879,0.7677447128880986,0.7746294716692496,0.7870079812262976,0.7990468982143357,
