,count,mean,std,min,lq,med,uq,max,outliers
HV,10.0,0.742464695366944,0.031008674121572023,0.678868644281703,0.7317755523675744,0.7388817040352498,0.7709873452489289,0.7783220589757682,
