,count,mean,std,min,lq,med,uq,max
HV,30.0,0.6147769924396452,0.0071934236496328805,0.5988749152790113,0.609201508938549,0.614535392976644,0.6196190965893505,0.6313106039507542
