,count,mean,std,min,lq,med,uq,max,outliers
HV,10.0,0.7169444968527063,0.009192407651493064,0.701222508746656,0.7101089677900998,0.7199129541116138,0.7226242926878748,0.7286436970052681,
