,count,mean,std,min,lq,med,uq,max
HV,10.0,0.8113713052288445,0.012715102863431431,0.7874975471645221,0.8087340966156877,0.8127415292077641,0.8204668596898014,0.8285722294972989
