,count,mean,std,min,lq,med,uq,max,outliers
HV,20.0,0.7888579598015305,0.0079236299238426,0.7790405708999606,0.7813137987513565,0.7896372206270448,0.7941760675340694,0.8039245367644997,
