,count,mean,std,min,lq,med,uq,max,outliers
HV,10.0,0.8345102938997482,0.004152877657177277,0.8302870117856241,0.8306362154650777,0.8343104628951068,0.8367534870310078,0.8409569462298417,
