,count,mean,std,min,lq,med,uq,max
HV,20.0,0.7462806445051116,0.005019680705879338,0.7357119960346219,0.7434163975857606,0.7454427166979364,0.7501658077636769,0.7559266194019838
