,count,mean,std,min,lq,med,uq,max
HV,10.0,0.7378620885743921,0.04339459006946133,0.6724077033050205,0.7077551649707062,0.7307507478645314,0.7696080669253657,0.8107468233277668
