,count,mean,std,min,lq,med,uq,max
HV,10.0,0.8236010623677211,0.002936832693757537,0.8177164464043709,0.8220863457226382,0.8238100550776564,0.8258449681308162,0.8277160523572384
