,count,mean,std,min,lq,med,uq,max
HV,10.0,0.7553752938396787,0.046779477001097275,0.6358606549170842,0.7490963553868272,0.7626203891698804,0.7749530457208533,0.8106715362959582
