,count,mean,std,min,lq,med,uq,max
HV,20.0,0.8447532147162118,0.004973810355131975,0.8356155716007706,0.8407897529544153,0.8461437421659437,0.8483997501111284,0.8510390010852545
