,count,mean,std,min,lq,med,uq,max,outliers
HV,20.0,0.7170901632820497,0.0044908039683020096,0.7104750591402954,0.7135478191876673,0.7165170219373238,0.7202027549251347,0.7257787276163223,
