,count,mean,std,min,lq,med,uq,max
HV,10.0,0.7407046190202865,0.04812123215019821,0.652908225722219,0.7289113298866343,0.7572377071610661,0.7669651156145049,0.7923657982684181
