,count,mean,std,min,lq,med,uq,max,outliers
HV,10.0,0.8526920319889794,0.0025121098462574554,0.8484624225604799,0.8507434594391117,0.8535611166508483,0.8542741409068885,0.856503718298353,
