,count,mean,std,min,lq,med,uq,max
HV,10.0,0.7146694937912346,0.014690614866949855,0.6896005474910128,0.7068592704399809,0.7177827169020505,0.7240404873353302,0.7335031006006171
