,count,mean,std,min,lq,med,uq,max,outliers
HV,10.0,0.6789098285558127,0.04183466561851609,0.622043545492781,0.6574364984342322,0.6685642060323138,0.714166227397324,0.7440830340510339,
