,count,mean,std,min,lq,med,uq,max,outliers
HV,10.0,0.7126853369971421,0.04408227796371486,0.6453076819941763,0.6749143126202832,0.7373097785362583,0.7468217019755172,0.7539819918422468,
