,count,mean,std,min,lq,med,uq,max,outliers
HV,20.0,0.7181994939831904,0.0014224615394539714,0.7162518960064522,0.7170435507218718,0.717995709987163,0.7191110559944763,0.7213716393082168,
