,count,mean,std,min,lq,med,uq,max
HV,20.0,0.8154066901337946,0.00351334635323575,0.8084457633023777,0.8135706877149985,0.8153337257870097,0.8179085022285763,0.8216786605315745
