,count,mean,std,min,lq,med,uq,max,outliers
HV,10.0,0.6444799663249619,0.0024245118061353194,0.6402916111295365,0.6430180327355177,0.6446933039161267,0.6462270126334241,0.6476871805346405,
