,count,mean,std,min,lq,med,uq,max,outliers
HV,10.0,0.8484069984902545,0.0019328393262845354,0.8451754227887435,0.8475223358202082,0.8487495544849848,0.8497635266367922,0.8510470103439578,
