,count,mean,std,min,lq,med,uq,max
HV,20.0,0.7978436983458584,0.005308935355770044,0.7885434203889983,0.7933961816983041,0.7963770045147018,0.802377758509617,0.8061902730162009
