,count,mean,std,min,lq,med,uq,max,outliers
HV,10.0,0.850103519668737,0.0023980162242142468,0.8457657051551593,0.8481024063817774,0.85067337842546,0.8521118412885295,0.8527497787442282,
