,count,mean,std,min,lq,med,uq,max,outliers
HV,10.0,0.7592578789205955,0.0026442353061437002,0.7546764923030767,0.7576160220751154,0.7591155303303587,0.7612977475100384,0.7630979831775443,
