,count,mean,std,min,lq,med,uq,max
HV,8.0,0.5902278278170694,0.002351635449241729,0.5868184504252241,0.5881386950466625,0.5910729882215389,0.5917366355013329,0.5931886249942044
