,count,mean,std,min,lq,med,uq,max
HV,10.0,0.590240315402191,0.0058767199785409435,0.5786261117493219,0.5877101028004125,0.5910729882215389,0.5920841373256409,0.6019544197360337
