,count,mean,std,min,lq,med,uq,max
HV,10.0,0.7222215569575253,0.051781838935653246,0.6027972642249239,0.7386773391233336,0.7437817555983528,0.750109657473523,0.7532152690115704
