,count,mean,std,min,lq,med,uq,max
HV,10.0,0.7122051837534885,0.06409034429415279,0.5602441080866511,0.6873804811692175,0.7402073271729177,0.7475424463946647,0.7707155735508822
