,count,mean,std,min,lq,med,uq,max
HV,10.0,0.6858184932096572,0.06957599020303126,0.611296244390692,0.6281510977537831,0.6571657179177302,0.7554417740229348,0.7879162842449905
