,count,mean,std,min,lq,med,uq,max,outliers
HV,10.0,0.7227241841356158,0.025565016630889094,0.690921407385684,0.7033144943064505,0.7200309501634855,0.7411416908760453,0.7647720335297252,
