,count,mean,std,min,lq,med,uq,max,outliers
HV,10.0,0.6913374450770977,0.048732350684207344,0.6242162085645782,0.6488134230756477,0.6862980591431029,0.7361755253814581,0.7536253063285221,
