,count,mean,std,min,lq,med,uq,max,outliers
HV,20.0,0.8207726531870844,0.004901842781641134,0.8129774018765693,0.8168240486001817,0.8197540356652289,0.8239156464873394,0.8296182386839186,
