,count,mean,std,min,lq,med,uq,max,outliers
HV,9.0,0.6473587514069578,0.003323366739037817,0.642762054845331,0.6452405391744623,0.6463277763451505,0.64908016364094,0.6537309580212118,
