,count,mean,std,min,lq,med,uq,max
HV,10.0,0.5899129713439184,0.00707109590322232,0.5795010601358422,0.5858554395612685,0.5895617223478347,0.5933488576127808,0.6041572268469844
