,count,mean,std,min,lq,med,uq,max,outliers
HV,10.0,0.8194417278612424,0.0012380068299874818,0.817401921963113,0.8185328973919141,0.8194239188294992,0.8200401327511383,0.8214277084034162,
