,count,mean,std,min,lq,med,uq,max
HV,20.0,0.7017781928870233,0.005150793152025552,0.6950085659362213,0.6981750138342085,0.7005591174545953,0.7048968889407967,0.7105569774131567
