,count,mean,std,min,lq,med,uq,max,outliers
HV,20.0,0.8509144170661285,0.001742947165326988,0.8475645846598668,0.8499098958395905,0.8508051307311253,0.8520762000873009,0.853554709243886,
