,count,mean,std,min,lq,med,uq,max
HV,10.0,0.815177064686778,0.0077932959485635354,0.8024700553840238,0.8101375189719316,0.8136573879404593,0.8206088238003132,0.8292562201905402
