,count,mean,std,min,lq,med,uq,max
HV,10.0,0.7124136053438355,0.08247271574779777,0.5090504407337475,0.6894685311888558,0.7523343167860341,0.7584831482814489,0.7721313815481323
