,count,mean,std,min,lq,med,uq,max
HV,10.0,0.6835935958421452,0.06648342623380189,0.5348327443853369,0.6447450746843861,0.7178479286473866,0.7288691073468059,0.7425410137939634
