,count,mean,std,min,lq,med,uq,max
HV,10.0,0.7562512462735854,0.002132425005361015,0.7536557604316122,0.7548922101062302,0.7560758181365183,0.7567325609698308,0.7600491447910118
