,count,mean,std,min,lq,med,uq,max,outliers
HV,10.0,0.7565230437551944,0.003100586099483888,0.7517772049000369,0.7543575011719399,0.7570802167773277,0.7585044158295164,0.7612038899353315,
