,count,mean,std,min,lq,med,uq,max
HV,10.0,0.7342729303956199,0.0657092075119633,0.6098497558491683,0.7104635662457499,0.7631885803577343,0.774563709435838,0.8060829104611607
