,count,mean,std,min,lq,med,uq,max
HV,10.0,0.7211989244960206,0.0625427990235267,0.6246063209221382,0.6795984925986354,0.7356358321587053,0.7755547186834467,0.7887725549593712
