,count,mean,std,min,lq,med,uq,max
HV,20.0,0.7432545429694946,0.022254372130338096,0.6873792602424535,0.743407920688516,0.7502859481553781,0.757137634952259,0.7693910406170501
