,count,mean,std,min,lq,med,uq,max
HV,10.0,0.39816612003476015,0.09375280571977607,0.2408552286443129,0.3328477720244602,0.3933731393490876,0.4795779921589356,0.5226465794458394
