,count,mean,std,min,lq,med,uq,max
HV,20.0,0.787736743675689,0.007652377118273621,0.7711098029321896,0.7808740904485585,0.7896404243305262,0.792820700730044,0.8010684351109882
