,count,mean,std,min,lq,med,uq,max,outliers
HV,10.0,0.757024240021465,0.044710017878205346,0.6764708002450832,0.7255695584095214,0.7667912106394992,0.7909915862737324,0.8165367164442097,
