,count,mean,std,min,lq,med,uq,max,outliers
HV,10.0,0.8032001794073949,0.012298154682938442,0.7875552138271842,0.7954359239280608,0.8014456711959024,0.8100880617994403,0.8239332668564862,
