,count,mean,std,min,lq,med,uq,max,outliers
HV,10.0,0.6887016353408825,0.020433777631713057,0.656679649503099,0.6810973155559757,0.6901576750071549,0.7017432286109444,0.7169499218914246,
