,count,mean,std,min,lq,med,uq,max,outliers
HV,10.0,0.8009093712331454,0.015456412332559413,0.7751280480235151,0.7918121348278611,0.8033114280107805,0.8142408624369771,0.8182426885479614,
