,count,mean,std,min,lq,med,uq,max,outliers
HV,10.0,0.4052766598187505,0.09203466694228722,0.2401496129525732,0.34318592292690353,0.4073328768055873,0.4858888875540124,0.5226465794458394,
