,count,mean,std,min,lq,med,uq,max
HV,10.0,0.723358677733549,0.011631505461698725,0.7050763989207749,0.717644610189694,0.7185676062567949,0.7306514388555077,0.7452337552999764
