,count,mean,std,min,lq,med,uq,max,outliers
HV,20.0,0.8121366642520238,0.0036367665202811216,0.8061322958065222,0.8096932638784903,0.8117356744626878,0.814391310109347,0.8194326201537127,
