,count,mean,std,min,lq,med,uq,max
HV,10.0,0.738356740391893,0.041153987909126846,0.6717877866814038,0.7152340105161568,0.7455001982291529,0.762549106767423,0.8123646935857852
