,count,mean,std,min,lq,med,uq,max
HV,10.0,0.5733943246917507,0.057076146379926716,0.4612507111834942,0.5534387797013153,0.5896908119478745,0.6129620733137636,0.6435021856264358
