,count,mean,std,min,lq,med,uq,max
HV,10.0,0.7161594952458021,0.039392993414111135,0.6425482271058237,0.6916776290831195,0.7379268913379771,0.7410247666550888,0.7467604471112314
