,count,mean,std,min,lq,med,uq,max
HV,20.0,0.7775282460264595,0.005764698855549389,0.7661663725070809,0.7741101440271208,0.7776084425121075,0.7805497166404124,0.7896725632809641
