,count,mean,std,min,lq,med,uq,max,outliers
HV,10.0,0.5902140121485038,0.007901806414948231,0.5749556671091716,0.5863075666191075,0.5900629705811609,0.5961620189243948,0.6006835002462954,
