,count,mean,std,min,lq,med,uq,max,outliers
HV,20.0,0.7451156908854539,0.007014189949353883,0.7315499123084517,0.7414574421908826,0.7443384345308608,0.7496323239089638,0.7577796789293453,
