,count,mean,std,min,lq,med,uq,max,outliers
HV,10.0,0.7979010936642759,0.020549681965549738,0.765311900557044,0.7795291356808469,0.8013727869417044,0.8162882291929471,0.8223954891854984,
