,count,mean,std,min,lq,med,uq,max
HV,10.0,0.6445250161703526,0.0033650925983825498,0.6395390184766667,0.641921419550909,0.6449952572231014,0.6467657719992728,0.6500670536379822
