,count,mean,std,min,lq,med,uq,max
HV,20.0,0.7196114072980491,0.005280914404860482,0.7100635049569608,0.7161061878860514,0.7187119643762341,0.7240407756816115,0.7321020253618369
