,count,mean,std,min,lq,med,uq,max,outliers
HV,10.0,0.8254894713164755,0.0018960739729419048,0.8223545238093208,0.8239045468135098,0.8257368970748886,0.8267413948980147,0.8280729183356048,
