,count,mean,std,min,lq,med,uq,max
HV,10.0,0.7872584707922358,0.07435263944173623,0.5779312885695864,0.8027671988819075,0.8076744716892728,0.8161320486482373,0.8295862016491065
