,count,mean,std,min,lq,med,uq,max
HV,10.0,0.7568769428187673,0.0046980180911685215,0.7514821172152001,0.7539686332735931,0.7556048370444384,0.7577607671270316,0.7667331138974787
