,count,mean,std,min,lq,med,uq,max
HV,10.0,0.6647831038579904,0.06789866066570759,0.5153872308584979,0.6378870945766727,0.6795271032846981,0.7036502612235,0.7399450639814357
