,count,mean,std,min,lq,med,uq,max
HV,10.0,0.7031991817935708,0.04424082534097247,0.6176267420552026,0.7047819604324879,0.72331551369674,0.7296900412010204,0.7341645434934941
