,count,mean,std,min,lq,med,uq,max
HV,10.0,0.8140487203206905,0.0073334809981247554,0.7993864907833457,0.8100165791655152,0.8154919086463951,0.8200409673582663,0.8221207716119836
