,count,mean,std,min,lq,med,uq,max
HV,20.0,0.714153738194476,0.006219349823358176,0.7066468730324295,0.7102959382045966,0.7114756104623665,0.7159788528783351,0.7281842851323022
