,count,mean,std,min,lq,med,uq,max
HV,10.0,0.5933821885869175,0.005225413667593694,0.5876844387197919,0.5894027175961891,0.5925195726713668,0.5944650685108107,0.6029581890782989
