,count,mean,std,min,lq,med,uq,max,outliers
HV,10.0,0.7154529301714365,0.03344073062299571,0.6584855029440528,0.7027462042986042,0.7208321827177364,0.7390484220925263,0.7558248080662513,
