,count,mean,std,min,lq,med,uq,max
HV,19.0,0.7188181344332671,0.007808725783498353,0.7009824480380675,0.7147470164611185,0.7205023002361765,0.7237124834842368,0.7306979144316854
