,count,mean,std,min,lq,med,uq,max
HV,20.0,0.715512937960391,0.016620872397384488,0.6527142049757441,0.7139853643980558,0.7197386181602667,0.7235535415374412,0.7306979144316854
