,count,mean,std,min,lq,med,uq,max,outliers
HV,10.0,0.7461651268866809,0.050321066251129004,0.6510478112698281,0.7200243481464572,0.7573699196270891,0.7893102426404924,0.7973657548125632,
