,count,mean,std,min,lq,med,uq,max,outliers
HV,10.0,0.8057372722867633,0.013532840348887574,0.7868696212822022,0.7964643127455338,0.804741481152212,0.8157253785375894,0.8268406277656971,
