,count,mean,std,min,lq,med,uq,max
HV,9.0,0.7566571821327035,0.00313544403191724,0.7515867806920257,0.7548817498250011,0.7576416319454998,0.7577444221581178,0.7616499771655194
