,count,mean,std,min,lq,med,uq,max
HV,10.0,0.7363145915440024,0.055552813465826335,0.6255671471340924,0.7418172117594468,0.7535878582859086,0.7712526055490934,0.7843531655904843
