,count,mean,std,min,lq,med,uq,max,outliers
HV,10.0,0.8560439067562102,0.0016699732895328007,0.8531470379759003,0.8553133422236104,0.8558369475113231,0.8570293259007413,0.8591531810773254,
