,count,mean,std,min,lq,med,uq,max,outliers
HV,10.0,0.8208018280923743,0.0013592135004230662,0.8190165278049035,0.819911556598266,0.8206027858086498,0.8215212685797639,0.8229385684682937,
