,count,mean,std,min,lq,med,uq,max
HV,20.0,0.8543010920624241,0.0020307884346190646,0.8485481216286026,0.8539363504210867,0.8547576999010856,0.8557065968259306,0.8569033803076356
