,count,mean,std,min,lq,med,uq,max
HV,18.0,0.8547972567399025,0.0013444961779363214,0.8516461028949464,0.8542867554893456,0.8549407114624507,0.8557110019182174,0.8569033803076356
