,count,mean,std,min,lq,med,uq,max
HV,20.0,0.7451717294142288,0.008157090258071603,0.730967695073521,0.7401011883804672,0.7443556796522034,0.7490769055743851,0.7636690592869335
