,count,mean,std,min,lq,med,uq,max
HV,10.0,0.8515573603085166,0.002564463603231342,0.8470952420998676,0.8501093263812967,0.8514991329977453,0.8531007845068901,0.8561881535054522
