,count,mean,std,min,lq,med,uq,max
HV,10.0,0.748803547106492,0.05254043921854797,0.6486081241979705,0.7530570825854969,0.7656367491990821,0.7779421863966604,0.7991720106199613
