,count,mean,std,min,lq,med,uq,max
HV,10.0,0.6534361198288358,0.10013374267120709,0.4016800784732153,0.6344417921871028,0.6715013286770479,0.7214784480277435,0.7430433010754157
