,count,mean,std,min,lq,med,uq,max
HV,10.0,0.7014646368480186,0.03646637128833031,0.6099008501806878,0.6919725291329001,0.7083793055453488,0.7234525615624914,0.7350932860707586
