,count,mean,std,min,lq,med,uq,max
HV,20.0,0.7001132014866452,0.025969191923567978,0.6689527999967837,0.6810296776735065,0.6897779180921303,0.7147876459086168,0.7489884456770745
