,count,mean,std,min,lq,med,uq,max
HV,20.0,0.7902123654945117,0.006344120178369211,0.7785800385245344,0.7871493446424067,0.789464621101994,0.7933553187484732,0.8012862869477118
