,Run_nr,HV
0,Run_1,0.644629217470238
1,Means,0.644629217470238
