,count,mean,std,min,lq,med,uq,max
HV,1.0,0.644629217470238,,0.644629217470238,0.644629217470238,0.644629217470238,0.644629217470238,0.644629217470238
