,Run_number,Duration,HV Obtained
0,Run_1,0 days 03:17:55.559824,0.644629217470238
1,Average,0 days 03:17:55.559824,0.644629217470238
