,count,mean,std,min,lq,med,uq,max
HV,19.0,0.6826303024093203,0.005627890156052761,0.6749018939724697,0.6783124232788096,0.6821940418007606,0.684794853412211,0.6962496435458868
