,count,mean,std,min,lq,med,uq,max
HV,20.0,0.6837337983700261,0.007372937443489226,0.6749018939724697,0.6784410195728803,0.6823482997248658,0.6864639163137187,0.7047002216234376
