,count,mean,std,min,lq,med,uq,max
HV,10.0,0.687485602105921,0.04521979843883842,0.628816406005027,0.6450184736844505,0.6940260407312715,0.7219724747877969,0.7420198197191961
