,count,mean,std,min,lq,med,uq,max,outliers
HV,10.0,0.6996961415343386,0.050180722703304606,0.6203812442052937,0.6575617582578004,0.7093375062528712,0.7438247548582122,0.7644950811424374,
