,count,mean,std,min,lq,med,uq,max
HV,10.0,0.7406549745135472,0.057548246642638023,0.6229175939110468,0.7496103067022859,0.7623862220633173,0.7743108773324878,0.7840898261558678
