,count,mean,std,min,lq,med,uq,max,outliers
HV,20.0,0.6475105200050363,0.005495710056400878,0.6394645023311903,0.6438224981489051,0.6467103075387701,0.6527131777345878,0.656533751369841,
