,count,mean,std,min,lq,med,uq,max,outliers
HV,20.0,0.6877199205868132,0.005319338899368328,0.6801418277353571,0.6843256528672725,0.6875588519174711,0.6900344775785208,0.6985833278027328,
