,count,mean,std,min,lq,med,uq,max
HV,20.0,0.8112513022288101,0.003562593314459408,0.8032137706405664,0.8088926367110025,0.8117565254042725,0.8139323958483982,0.8174231879182652
