,count,mean,std,min,lq,med,uq,max
HV,10.0,0.5852882775584813,0.005865389688382724,0.5746844452135461,0.584336090214434,0.5863822275413069,0.5877846647688149,0.5959300898678747
