,count,mean,std,min,lq,med,uq,max
HV,7.0,0.5863939030730939,0.001575413988752633,0.5842670522086665,0.5854485244298517,0.5864106104546468,0.587422734411422,0.5883371411657967
