,count,mean,std,min,lq,med,uq,max
HV,10.0,0.8075298244770955,0.013676708716920012,0.7757607794610567,0.803916327274329,0.8082791707213539,0.8109516601190976,0.8285289795003024
