,count,mean,std,min,lq,med,uq,max
HV,10.0,0.7484992566205908,0.04693664708098937,0.6410479146895776,0.7562263019638107,0.7594255013130369,0.7687631568184937,0.7965799983299955
