,count,mean,std,min,lq,med,uq,max,outliers
HV,10.0,0.8537629499701657,0.00219066050054051,0.8498744548698296,0.8526977185626584,0.8538987069051824,0.855701791270709,0.8564580655237457,
