,count,mean,std,min,lq,med,uq,max
HV,10.0,0.777822602928986,0.034620149160657886,0.699942733800273,0.7645594307018914,0.7870574383987889,0.8038638666298241,0.8091625919563015
