,count,mean,std,min,lq,med,uq,max
HV,10.0,0.7309205535999744,0.04938634968090944,0.6277766539836489,0.7082426712716066,0.7285728241338711,0.7723907758155495,0.7891482501159806
