,count,mean,std,min,lq,med,uq,max
HV,10.0,0.7252851996079712,0.05830292455663041,0.6450201580339174,0.6631606409336527,0.756173979160034,0.7690690421241156,0.7836034759444835
