,count,mean,std,min,lq,med,uq,max
HV,10.0,0.7294042134845498,0.009515834967476192,0.715355535440104,0.7254433883034294,0.7285729252211178,0.7309543712136846,0.752694426780993
