,count,mean,std,min,lq,med,uq,max
HV,20.0,0.8512209313966945,0.0021794193352767622,0.8472305985719494,0.849795763903072,0.851207595980954,0.8530571340469584,0.854782528603065
