,count,mean,std,min,lq,med,uq,max
HV,20.0,0.7347538407563854,0.015588260047598631,0.7027681917681695,0.7325957460921511,0.741377774580185,0.7433122384856097,0.7508650761092746
