,count,mean,std,min,lq,med,uq,max
HV,10.0,0.7707795811958624,0.039353140355582725,0.6969040210483318,0.7595572481788948,0.7777895246905422,0.7911922182042441,0.833447465269852
