,count,mean,std,min,lq,med,uq,max
HV,10.0,0.7502472057698699,0.04126069067948599,0.6522275750767887,0.7516414975711921,0.7578584844079757,0.768803136425708,0.7976468797930407
