,count,mean,std,min,lq,med,uq,max
HV,10.0,0.775258598940375,0.04506558385258244,0.6718911061186732,0.7556385181269547,0.7848789200315565,0.8063153004873633,0.8256280259980538
