,count,mean,std,min,lq,med,uq,max
HV,10.0,0.8013123971310835,0.010259160425693997,0.7794626588336117,0.7950266508083343,0.8045889047739188,0.8085590943130258,0.8123342584027134
