,count,mean,std,min,lq,med,uq,max
HV,10.0,0.7516538491185913,0.03681902552159863,0.6670333965148973,0.7387263988510758,0.76431832089907,0.7710649832457372,0.8004571134574295
