,count,mean,std,min,lq,med,uq,max,outliers
HV,20.0,0.7243802201345677,0.0063337249121583235,0.7123544086716118,0.7205181634000251,0.7247073166947768,0.7287354777234121,0.7345562739918454,
