,count,mean,std,min,lq,med,uq,max
HV,10.0,0.6836216204595832,0.037066195275472086,0.6178662640607132,0.6677823338654612,0.6962218012053942,0.7130010163303279,0.719882467930696
