,count,mean,std,min,lq,med,uq,max,outliers
HV,10.0,0.7492650150281059,0.0026993322960573,0.7440106246785799,0.7473336556119528,0.7502215641644117,0.7504769912577045,0.752639225088884,
