,count,mean,std,min,lq,med,uq,max
HV,10.0,0.8182516589177091,0.010430588019415422,0.794206102254206,0.8160173160173161,0.8179968043057776,0.8257217343248795,0.8305000580671256
