,count,mean,std,min,lq,med,uq,max
HV,10.0,0.7417264941087465,0.0450313253549787,0.623009574624445,0.7419370440714255,0.7526587952071357,0.7663546084467052,0.7794987633154122
