,count,mean,std,min,lq,med,uq,max
HV,10.0,0.7823521590959149,0.04253302271719173,0.6799956750003003,0.7707511883737601,0.7967638590210282,0.8067379891154175,0.8307691691595485
