,count,mean,std,min,lq,med,uq,max
HV,10.0,0.8082811730360298,0.04966215124921619,0.6698327266319866,0.8191435299205883,0.8238103247353941,0.8279857515287674,0.8407286823568044
