,count,mean,std,min,lq,med,uq,max
HV,10.0,0.7448031706650724,0.021105467339132485,0.7209744105324971,0.726538519640361,0.7415844982954543,0.7605132144330379,0.7755535326584353
