,count,mean,std,min,lq,med,uq,max
HV,10.0,0.8086517614362203,0.012361112695390976,0.7802091217447368,0.8033941236068897,0.8108325223958895,0.8178488332512385,0.8226862252764195
