,count,mean,std,min,lq,med,uq,max
HV,10.0,0.697599965599211,0.034167091866645696,0.625271213622131,0.6838624892026168,0.7108500500133564,0.7175771197042597,0.7314142600306068
