,count,mean,std,min,lq,med,uq,max
HV,10.0,0.7002857327377658,0.04104556393748087,0.6219602236884503,0.6990495233786999,0.7138389059476852,0.7226922777992513,0.7488929528911081
