,count,mean,std,min,lq,med,uq,max
HV,10.0,0.7373465137614285,0.00866652860538613,0.7190171520232888,0.7342775288392995,0.7356106257971552,0.7424563612151295,0.750575400974736
