,count,mean,std,min,lq,med,uq,max,outliers
HV,10.0,0.8056357949789957,0.009281381935448266,0.7921845653575532,0.7983358762729716,0.8048924556787647,0.8131652189931562,0.8194921329056389,
