,count,mean,std,min,lq,med,uq,max
HV,19.0,0.8485695780111283,0.0029907028342144428,0.8437449691843772,0.8467680638818474,0.8484584179311283,0.8514458714273699,0.8532191213042276
