,count,mean,std,min,lq,med,uq,max
HV,20.0,0.8480758957354702,0.0036534907165324646,0.8386959324979676,0.8467164041632128,0.8478449087144738,0.851414635318428,0.8532191213042276
