,count,mean,std,min,lq,med,uq,max
HV,10.0,0.762826227118549,0.05912167485286341,0.6174770034159489,0.7446009587082667,0.7836330798402953,0.802344710485321,0.8149140406309693
