,count,mean,std,min,lq,med,uq,max
HV,10.0,0.6962847745254801,0.10904736658937439,0.4016086805136697,0.6918467377514411,0.7451772940724523,0.7474057736782624,0.7539305764469648
