,count,mean,std,min,lq,med,uq,max
HV,10.0,0.6984333648974271,0.04444092837946621,0.6145699678973342,0.699086639500251,0.7169776065749576,0.7237442301252622,0.7404253566656168
