,count,mean,std,min,lq,med,uq,max
HV,10.0,0.6948121483149025,0.08225127346361227,0.4884443621837611,0.7185216658738443,0.7276670476590112,0.7356647924480508,0.749365885114553
