,count,mean,std,min,lq,med,uq,max
HV,10.0,0.40476919318732457,0.09274724203339502,0.2377164001585833,0.3412048327867015,0.4073328768055873,0.4858888875540124,0.5226465794458394
