,count,mean,std,min,lq,med,uq,max
HV,10.0,0.745553230725364,0.0037201643154468997,0.7406649629639693,0.7425192906280556,0.7452172054680875,0.7477516764628112,0.7520745253838549
