,count,mean,std,min,lq,med,uq,max
HV,10.0,0.8104563275146071,0.009593263068176372,0.7867871259175605,0.8111388765412817,0.8122725871106999,0.815518939894518,0.8212397531546469
