,count,mean,std,min,lq,med,uq,max,outliers
HV,10.0,0.7584788244823065,0.004641192666605604,0.7514455339195287,0.7551711022572718,0.7583237572457293,0.7621715884038402,0.7655586593057981,
