,count,mean,std,min,lq,med,uq,max
HV,10.0,0.7288313192200538,0.008933842451750973,0.7204232265460428,0.7231019599073829,0.7275341187078186,0.7306765410714946,0.7517698179934946
