,count,mean,std,min,lq,med,uq,max
HV,10.0,0.6479182903689129,0.0025419438769592444,0.6437465447280931,0.645795355975036,0.6483578201322255,0.6496444231340064,0.6516404462598236
