,count,mean,std,min,lq,med,uq,max
HV,10.0,0.7749980577547645,0.03332266707190354,0.692304303775164,0.7707023318956714,0.7782144158647396,0.7962366495668993,0.8082831753507054
