,count,mean,std,min,lq,med,uq,max
HV,10.0,0.7363636979291742,0.05345209001672526,0.5978081638443308,0.7288333568330008,0.7481879822305354,0.7620504944900617,0.7833727334776474
