,count,mean,std,min,lq,med,uq,max,outliers
HV,10.0,0.7292022776228869,0.06918484507568796,0.5927993105261574,0.6835197470207257,0.7589908463084598,0.7781387505290344,0.7869433376062217,
