,count,mean,std,min,lq,med,uq,max
HV,10.0,0.7670298865488505,0.037739943559053586,0.6945733267657412,0.7571168270520722,0.7820300267108778,0.7947208973573451,0.801109282330374
