,count,mean,std,min,lq,med,uq,max,outliers
HV,10.0,0.7331951525988896,0.0659702894912736,0.622083244035613,0.6829491598429804,0.7746566794552778,0.7832622015308726,0.7915271053458053,
