,count,mean,std,min,lq,med,uq,max
HV,10.0,0.7831469979296066,0.02646722578140094,0.7247145700429696,0.7696567231719867,0.7913628154146193,0.8028432868395866,0.8095430317446969
