,count,mean,std,min,lq,med,uq,max,outliers
HV,10.0,0.7511843691307151,0.048196866098844736,0.675742758628975,0.7166208136605917,0.7527846190195866,0.7909821753947563,0.817569109891034,
