,count,mean,std,min,lq,med,uq,max
HV,20.0,0.7852074197772626,0.0075020850257034675,0.7663811365939026,0.782464929458454,0.785422348234559,0.7907324867546884,0.796498352095022
