,count,mean,std,min,lq,med,uq,max
HV,19.0,0.7861982767869131,0.0062194195056328875,0.7734060574023571,0.7833231215284868,0.7855208621166068,0.791037639511275,0.796498352095022
