,count,mean,std,min,lq,med,uq,max
HV,10.0,0.7327648684772088,0.037310705742201786,0.6289404189896722,0.7379865444358872,0.7424046561580717,0.7516481100335399,0.7538378349934705
