,count,mean,std,min,lq,med,uq,max
HV,16.0,0.64266832040943,0.0018683787498479858,0.6395685677344177,0.6413350476008123,0.6427797244240872,0.6437175275362899,0.64627825579895
