,count,mean,std,min,lq,med,uq,max
HV,20.0,0.6446413043321548,0.0044836156300617274,0.6395685677344177,0.6422434742251343,0.6431743705977848,0.6453172899799855,0.6561495908306358
