,count,mean,std,min,lq,med,uq,max
HV,10.0,0.6445846354557488,0.0016064775789696004,0.6426912477546652,0.6434583044671083,0.6443726466977969,0.6451114108591592,0.6479821952451295
