,count,mean,std,min,lq,med,uq,max,outliers
HV,10.0,0.8521331459166797,0.001991699237979479,0.8492225012114004,0.8513811966633429,0.8519696769465503,0.8535268770698929,0.8549186860010173,
