,count,mean,std,min,lq,med,uq,max,outliers
HV,20.0,0.7273296944353069,0.00535720685599103,0.7173567511219905,0.7240143499516398,0.7272010526453639,0.7311330813982877,0.7405539201482183,
