,count,mean,std,min,lq,med,uq,max
HV,20.0,0.783151843531122,0.013524865256024223,0.7599240722274951,0.7720354730067958,0.7839666654652779,0.7944834228367994,0.8068719439672263
