,count,mean,std,min,lq,med,uq,max
HV,20.0,0.729045257810794,0.008822196321420377,0.7130151610370418,0.7236454111998085,0.7275033519389373,0.7343327720522319,0.7465692922491122
