,count,mean,std,min,lq,med,uq,max,outliers
HV,10.0,0.7177720896974332,0.0743755409412274,0.5763982840176392,0.6729216217002132,0.755761450597455,0.7628528242284991,0.7847345694046656,
