,count,mean,std,min,lq,med,uq,max
HV,10.0,0.7248333457812021,0.057831742033038744,0.6423583955432328,0.664528546592738,0.7617162822874463,0.7688808245872334,0.7802961249480104
