,count,mean,std,min,lq,med,uq,max,outliers
HV,20.0,0.7289187032943477,0.01841578965011818,0.6945556596194673,0.7134593892750707,0.7326037658803228,0.7445973184782946,0.7519865316091188,
