,count,mean,std,min,lq,med,uq,max
HV,20.0,0.8106342531966954,0.005141126625433119,0.8032149164434085,0.8070018941896833,0.8099743303258566,0.8135008069328142,0.8214215633272063
