,count,mean,std,min,lq,med,uq,max
HV,10.0,0.7090889912047589,0.04030553094687341,0.6515262689050624,0.6709095069912708,0.7332404498232953,0.7417515191205585,0.7460072562668041
