,count,mean,std,min,lq,med,uq,max,outliers
HV,10.0,0.7674589148752193,0.016436811954169152,0.7467493294497607,0.7549766129828468,0.767338492660164,0.7804115596391604,0.7947150669652691,
