,count,mean,std,min,lq,med,uq,max
HV,10.0,0.7014206229161244,0.05792407231759048,0.6364753358173026,0.6509569607476665,0.6850006575744023,0.7548559741230946,0.7851754508819082
