,count,mean,std,min,lq,med,uq,max
HV,10.0,0.7443366328396743,0.004264930710614609,0.7382243904254753,0.7419100873383785,0.742890095293953,0.7473282333964882,0.7527233995360524
