,count,mean,std,min,lq,med,uq,max
0,30.0,37632.86666666667,14330.677337346146,6146.0,30383.75,37326.0,42451.0,67692.0
