,count,mean,std,min,lq,med,uq,max
HV,30.0,0.7074988909651704,0.0636570495035456,0.401652504088839,0.7045052011787375,0.7227907679891308,0.7322187350750347,0.7461029153859695
