,count,mean,std,min,lq,med,uq,max
HV,10.0,0.7993811245800144,0.014980939974013289,0.7707413770318488,0.7909285133614459,0.8001958263752897,0.8110561809451727,0.8208913504010635
