,count,mean,std,min,lq,med,uq,max
HV,10.0,0.7813833591631927,0.02453137670561566,0.7316954399285575,0.7754742482309551,0.7848264593870513,0.7929933002550948,0.8222897669706181
