,count,mean,std,min,lq,med,uq,max
HV,19.0,0.8509862664397939,0.0029414878317503283,0.8457681079327704,0.8490446956681924,0.85215228804498,0.8526640796761056,0.8576666626620375
