,count,mean,std,min,lq,med,uq,max
HV,20.0,0.8502448430385525,0.004380768994757626,0.8361577984149676,0.8488408600341995,0.8515712163260729,0.8525891931072319,0.8576666626620375
