,count,mean,std,min,lq,med,uq,max
HV,10.0,0.723882273276489,0.0647191865054341,0.6194954478773622,0.6682004679708216,0.7579067483754517,0.7703251422397448,0.7725600004532405
