,count,mean,std,min,lq,med,uq,max
HV,10.0,0.7414355267005971,0.04796007665223125,0.6370663684417245,0.7424652973269896,0.7624590118894001,0.7700693523715058,0.7782246665869841
