,count,mean,std,min,lq,med,uq,max,outliers
HV,10.0,0.7484711696550657,0.006193489631559688,0.7406495260404513,0.7444289823972297,0.7465986867700453,0.7519637241890317,0.7607180949075845,
