,count,mean,std,min,lq,med,uq,max
HV,20.0,0.7288122592121029,0.005727060072218836,0.7200945008565911,0.724565825951502,0.7282858831514101,0.734089312208192,0.7396787147577176
