,count,mean,std,min,lq,med,uq,max
HV,20.0,0.8243903152043762,0.005084298808944449,0.8142388601223014,0.8209149777142375,0.824668116342492,0.8278219621882897,0.8331294976993404
