,count,mean,std,min,lq,med,uq,max
HV,10.0,0.7874325119838532,0.05569373346386262,0.634072988374561,0.7903838837696375,0.8006940022666201,0.808394904509613,0.8291056461269226
