,count,mean,std,min,lq,med,uq,max
HV,10.0,0.7928553407739347,0.03905383437020487,0.6977441922862829,0.8004953726507842,0.8043750575665469,0.8129181333621665,0.824691743655666
