,count,mean,std,min,lq,med,uq,max,outliers
HV,10.0,0.7238222924812783,0.03344701852614297,0.6631041372127335,0.7088666866041329,0.7362511162015342,0.7471079693454377,0.7548530059659899,
