,count,mean,std,min,lq,med,uq,max
HV,10.0,0.7421144411765912,0.04795907428237795,0.6524095240978759,0.7440235368383201,0.7617447913081306,0.7687097374651078,0.7839319940848052
