,count,mean,std,min,lq,med,uq,max
HV,10.0,0.7251333620094612,0.009876418139657886,0.7123787345458414,0.7222455621927445,0.7232470351737235,0.7266623331477272,0.7490693718384156
