,count,mean,std,min,lq,med,uq,max
HV,10.0,0.7829693525715729,0.025650196466633895,0.7445783325524306,0.7680206318504192,0.7856858528458899,0.8022702243793826,0.8164406053397728
