,count,mean,std,min,lq,med,uq,max
HV,19.0,0.7251674515812733,0.0015997634740595355,0.7222031272738372,0.7241442118526384,0.7250447320632802,0.7261470748878458,0.7284524312855263
