,count,mean,std,min,lq,med,uq,max
HV,20.0,0.725420871246693,0.0019258703747301357,0.7222031272738372,0.7241993832630756,0.7252922990767684,0.7262042779783895,0.73023584488967
