,count,mean,std,min,lq,med,uq,max
HV,9.0,0.5829425266823595,0.004949122647393938,0.5752333329998135,0.5802303246277435,0.5828257817434057,0.5846082302877099,0.5925947892689305
