,count,mean,std,min,lq,med,uq,max
HV,10.0,0.5840580417550789,0.005849446021285349,0.5752333329998135,0.5806806273204633,0.5836888958092796,0.5856454598609534,0.5940976774095545
