,count,mean,std,min,lq,med,uq,max
HV,20.0,0.8511923383431246,0.0029848667371340887,0.8451874366767983,0.8490735289995235,0.8522796352583586,0.853193892139313,0.8561793433208791
