,count,mean,std,min,lq,med,uq,max
HV,10.0,0.7341491934229725,0.04940143071129209,0.5944193221896533,0.7481038226602834,0.7499893157811257,0.7517217495198673,0.7582695650438824
