,count,mean,std,min,lq,med,uq,max
HV,10.0,0.6513673317365635,0.1788556632483842,0.1865555156902809,0.6803978951456116,0.7310317747852197,0.744007240493013,0.7552250545331551
