,count,mean,std,min,lq,med,uq,max
HV,10.0,0.6939387125782366,0.04228488576346727,0.6368444960146856,0.6626542902991847,0.674180706934282,0.7391153361633667,0.7475031216900181
