,count,mean,std,min,lq,med,uq,max,outliers
HV,10.0,0.766279492260167,0.02443631606299322,0.7224230769433835,0.7548535950927211,0.7665795153405057,0.7854921893634365,0.7976164991565299,
