,count,mean,std,min,lq,med,uq,max
HV,10.0,0.7659695258608836,0.025495083686837852,0.7129032089062246,0.7593779530690169,0.7761021031760584,0.7792014365541066,0.7937577156987199
