,count,mean,std,min,lq,med,uq,max,outliers
HV,20.0,0.7730005085879275,0.01587989168257967,0.7401371986015834,0.7634231171233947,0.7741805527189431,0.7874514939269796,0.7958520049176848,
