,count,mean,std,min,lq,med,uq,max,outliers
HV,10.0,0.8539331467176057,0.002516881968334676,0.8495492789664854,0.8523256884959013,0.8540993388356941,0.8555227843386954,0.8578789080176684,
