,count,mean,std,min,lq,med,uq,max,outliers
HV,10.0,0.8189444464209412,0.0016215799817905364,0.8166890555698443,0.8176329119151041,0.8192450467128103,0.8196559742368108,0.8212227399290142,
