,count,mean,std,min,lq,med,uq,max
HV,20.0,0.8506033775043951,0.003106017905455783,0.8432259692204188,0.8488304479978854,0.851694158447165,0.852176916515492,0.8558437553812208
