,count,mean,std,min,lq,med,uq,max
HV,19.0,0.8509916621509201,0.0026458448555647294,0.844893496882396,0.8496578044219117,0.8517670427013628,0.8523545218272323,0.8558437553812208
