,count,mean,std,min,lq,med,uq,max,outliers
HV,20.0,0.8467861032054621,0.002510083376659774,0.8421431423472876,0.844872296314793,0.8468524777086697,0.8481248084084154,0.8515598738017606,
