,count,mean,std,min,lq,med,uq,max
HV,20.0,0.8508902691511386,0.002368389825388391,0.8441061867518852,0.8495949317410927,0.8511303066344695,0.8522788343324883,0.8545222276952156
