,count,mean,std,min,lq,med,uq,max
HV,20.0,0.6966926583677706,0.006518085282457511,0.6858132715311844,0.6916102208160932,0.6966724016443282,0.6995728219411365,0.7084057206754703
