,count,mean,std,min,lq,med,uq,max
HV,10.0,0.7230729923791903,0.08224136321624718,0.5191673574652299,0.7055916639635419,0.7408372078122311,0.7687955276299401,0.8045933098662053
