,count,mean,std,min,lq,med,uq,max
HV,10.0,0.7549344595344561,0.02421477251078558,0.715708614319094,0.7438184287569078,0.7564469692465352,0.7644565197824251,0.7990036978698791
