,count,mean,std,min,lq,med,uq,max,outliers
HV,10.0,0.6435396752936924,0.003422174346845948,0.6389738995660423,0.6414911403197263,0.6430146682178884,0.6453395173855975,0.6501128405570572,
