,count,mean,std,min,lq,med,uq,max,outliers
HV,20.0,0.7382037959988853,0.010149850287850766,0.7227843570415888,0.7301083311818625,0.7381385619580378,0.7437409024457077,0.7591771201350104,
