,count,mean,std,min,lq,med,uq,max
HV,10.0,0.8535378097080224,0.0018768684344099473,0.8491215845517419,0.8529736375249788,0.8540608943939194,0.854839794802792,0.8553119406033374
