,count,mean,std,min,lq,med,uq,max
HV,10.0,0.8540347842105473,0.0016987287654533314,0.8511311075603398,0.853238343525115,0.8539099198673665,0.85458550083897,0.8574295886044269
