,count,mean,std,min,lq,med,uq,max,outliers
HV,20.0,0.8503436372446547,0.003376990912014557,0.8427309970325696,0.8486220070401383,0.8504871631606137,0.8526947150906449,0.8569266071578745,
