,count,mean,std,min,lq,med,uq,max
HV,20.0,0.8146051299220405,0.0028007252447616892,0.8103870504354743,0.8121296137172509,0.8145286662740207,0.8171591339495861,0.8200571863820398
