,count,mean,std,min,lq,med,uq,max
HV,20.0,0.791435379298469,0.007253626914415313,0.7693958215697345,0.7882710413237703,0.7934055768468351,0.7961443428603465,0.8008794166055961
