,count,mean,std,min,lq,med,uq,max
HV,20.0,0.7863818974734793,0.010383686670813571,0.7650515996491946,0.7822935313222085,0.7882848572950331,0.7932710213006234,0.8050874811281842
