,count,mean,std,min,lq,med,uq,max
HV,20.0,0.703948465851991,0.008300141599542647,0.6843392000070073,0.7001582244689807,0.7069811249004896,0.7088358821241354,0.7164127463795963
