,count,mean,std,min,lq,med,uq,max,outliers
HV,10.0,0.808852633644493,0.009364912982231953,0.7934628430465621,0.8035557104012239,0.809951503938553,0.8124561993664676,0.8248983825302049,
