,count,mean,std,min,lq,med,uq,max,outliers
HV,20.0,0.705030002891845,0.03289334825880009,0.6597344881787688,0.6708325151093368,0.7158865789902151,0.7327755954579128,0.750748821544227,
