,count,mean,std,min,lq,med,uq,max
HV,10.0,0.7232982349632893,0.05648914930646099,0.6343169378251091,0.6808792193909041,0.7458915712861416,0.7618653419616355,0.7839940049805284
