,count,mean,std,min,lq,med,uq,max
HV,19.0,0.8506183042333783,0.0029839536863051908,0.8448991033634882,0.8491556239012299,0.8505944872272349,0.8529235796580849,0.8542234823455914
