,count,mean,std,min,lq,med,uq,max,outliers
HV,10.0,0.6401783830858963,0.0027355985560374696,0.6342896846316611,0.6389123915911018,0.640296623189381,0.6422416209417028,0.6434081531312139,
