,count,mean,std,min,lq,med,uq,max
HV,20.0,0.8120582197074414,0.0032511325970040307,0.8074297246738567,0.8098169474402247,0.8117818386935723,0.8135081295091282,0.8205546163134334
