,count,mean,std,min,lq,med,uq,max
HV,19.0,0.811611040938705,0.00263353624369574,0.8074297246738567,0.8097219321780817,0.8115412907379855,0.8129737627356619,0.8168557285721314
