,count,mean,std,min,lq,med,uq,max
HV,10.0,0.8042005358194071,0.016815929833320406,0.779895158803577,0.7919901406025365,0.8068679393378745,0.817961563567484,0.8225204336212661
