,count,mean,std,min,lq,med,uq,max,outliers
HV,10.0,0.8493723544417348,0.0029458314447165577,0.8449407515087444,0.8470946414054648,0.8502701122497609,0.8515439848464826,0.853319237038016,
