,count,mean,std,min,lq,med,uq,max
HV,10.0,0.811924984107138,0.002983066427835342,0.8082624348014957,0.8097299830605422,0.8114352312921632,0.813195046827542,0.8177431037284348
