,count,mean,std,min,lq,med,uq,max
HV,10.0,0.8084948600582272,0.0174023119005476,0.7676033494719896,0.8056273051647705,0.8159584479658486,0.8179367348655046,0.8234062576338246
