,count,mean,std,min,lq,med,uq,max
HV,20.0,0.6888166437907819,0.006345889966472701,0.675308216130491,0.6873076221371515,0.6893132873527891,0.6920094657906399,0.6988431816869003
