,count,mean,std,min,lq,med,uq,max,outliers
HV,10.0,0.6871926223897542,0.03211861681627528,0.6354884799040128,0.6628611601367391,0.6887308842789583,0.715727562782271,0.729297180245524,
