,count,mean,std,min,lq,med,uq,max
HV,20.0,0.696107028932299,0.005501288377941813,0.6813523179722178,0.6931304841091659,0.6969505427744844,0.6984188893170716,0.7046191465825685
