,count,mean,std,min,lq,med,uq,max
HV,10.0,0.801002518911862,0.032187947854681175,0.7188822278554008,0.7975153277188431,0.8014721017496226,0.8146403242147924,0.8404980157061565
