,count,mean,std,min,lq,med,uq,max
HV,10.0,0.7310410077758289,0.007682827905119541,0.7219589257507146,0.7265442248361647,0.7303896330304408,0.7322799286676329,0.7486047877432455
