,count,mean,std,min,lq,med,uq,max
HV,10.0,0.6942797049809434,0.04349982725849438,0.5975864450881212,0.6986327210805416,0.7087440945559615,0.718347179008529,0.7383666684444901
