,count,mean,std,min,lq,med,uq,max,outliers
HV,10.0,0.7540272698282466,0.02910164231314689,0.7093351989297352,0.7314484112600373,0.7634257752067616,0.7729145629159351,0.7896020363576051,
