,count,mean,std,min,lq,med,uq,max
HV,10.0,0.43633536368041453,0.17829776197496355,0.1461225176303807,0.28559594891694795,0.4909042853538691,0.5768984946598268,0.6287316137454897
