,count,mean,std,min,lq,med,uq,max
HV,10.0,0.7472747056586712,0.0467661201311588,0.6560854249103337,0.7478652888754354,0.7630236702112432,0.7738147781097345,0.7911641423485469
