,count,mean,std,min,lq,med,uq,max
HV,10.0,0.5767997216916478,0.07093776940909094,0.4383994245104585,0.5574334287016742,0.5717951032886781,0.6220064322584751,0.6910678170649842
