,count,mean,std,min,lq,med,uq,max,outliers
HV,10.0,0.7100754496188454,0.05830443695349796,0.6288953579562331,0.6494860276531942,0.7314886548845253,0.7564406602788186,0.7789284001434611,
