,count,mean,std,min,lq,med,uq,max
HV,20.0,0.6894735488701059,0.005352917681524401,0.6803711980695956,0.6855490584270253,0.6891554359529968,0.6930189317163711,0.6999736639513381
