,count,mean,std,min,lq,med,uq,max
HV,10.0,0.7432312629711271,0.00527932486727377,0.732423625624582,0.7413647275279402,0.7439919349924579,0.7472865031272844,0.748854039753436
