,count,mean,std,min,lq,med,uq,max
HV,20.0,0.7509572842194692,0.0030322361371401163,0.746591703062576,0.7486538624436966,0.7509361686703648,0.7522803379685765,0.7580074428423811
