,count,mean,std,min,lq,med,uq,max
HV,20.0,0.6919748758433637,0.004386233578910187,0.6860992583088092,0.6892066333950492,0.6915422401467404,0.6942711504079733,0.7031369404236092
