,count,mean,std,min,lq,med,uq,max
HV,19.0,0.691387398760193,0.003608575529447476,0.6860992583088092,0.6891871416995452,0.6913636903757641,0.6933381790730531,0.7000494554716101
