,count,mean,std,min,lq,med,uq,max
HV,20.0,0.8127979176797059,0.0029211257971491723,0.8074335194462308,0.810608901204901,0.8121153065369913,0.8150904505951808,0.8187732384752939
