,count,mean,std,min,lq,med,uq,max
HV,10.0,0.7985650612107597,0.014428089724452755,0.7797405801106079,0.7849079535943552,0.7999767731497611,0.8100362018493377,0.8199086143581982
