,count,mean,std,min,lq,med,uq,max
HV,10.0,0.7991281120975848,0.007489509343768257,0.7908654404491593,0.7932592076440366,0.7982127339204119,0.8031512428367193,0.8144591147366357
