,count,mean,std,min,lq,med,uq,max
HV,10.0,0.8018139369110692,0.013849119840914203,0.7823043438214576,0.7996013391480551,0.800528210611467,0.8024055808514643,0.8291472942721787
