,count,mean,std,min,lq,med,uq,max
HV,10.0,0.7928211308480565,0.011737182064026288,0.7694271328367099,0.787827345695265,0.7952592259013627,0.8001490636085684,0.8076585126425468
