,count,mean,std,min,lq,med,uq,max,outliers
HV,10.0,0.8141638353349627,0.0033420091585747587,0.8074087709307458,0.8119849472218489,0.8147186473012755,0.8167551918527256,0.8179211102816595,
