,count,mean,std,min,lq,med,uq,max
HV,10.0,0.5892560865692344,0.007072850011842616,0.5796603359940745,0.5824622961576644,0.5904429972684075,0.594569450209822,0.5995700580553258
