,count,mean,std,min,lq,med,uq,max,outliers
HV,10.0,0.8431968956113268,0.0016274700714613965,0.8408119786473163,0.8417016070577588,0.8434722539255379,0.8445659182014407,0.8452891542623272,
