,count,mean,std,min,lq,med,uq,max
HV,10.0,0.7108978661953715,0.04421612453777287,0.6467206433331678,0.6644467969050807,0.7393441372426459,0.7458822952659678,0.7504239490004587
