,count,mean,std,min,lq,med,uq,max
HV,20.0,0.7373428421038825,0.009444605675122415,0.7122935298618279,0.7343853493215139,0.7382661158068479,0.7414680654141796,0.7512597121297352
