,count,mean,std,min,lq,med,uq,max,outliers
HV,10.0,0.7372634750107919,0.0568560766563434,0.6395407884776516,0.6919671958858757,0.7542966938440395,0.7814152509145122,0.7956282897249767,
