,count,mean,std,min,lq,med,uq,max,outliers
HV,10.0,0.8010057226153432,0.017721148042979102,0.7794738717957961,0.7822769121103996,0.8077053073352796,0.8133352155091285,0.8273620305072663,
