,count,mean,std,min,lq,med,uq,max
HV,20.0,0.8117985854428813,0.0060083015069259844,0.8010944346898912,0.8073617754035719,0.8113209896063747,0.8169459013747444,0.8217767411593428
