,count,mean,std,min,lq,med,uq,max
HV,10.0,0.8531084333489515,0.0012459782724515511,0.8512063945921485,0.8521721109602701,0.8533428643511902,0.8540408712471618,0.8550988943218362
