,count,mean,std,min,lq,med,uq,max,outliers
HV,10.0,0.5861092244013262,0.008316785481874898,0.5758903334872507,0.5813491283224068,0.5842052666386346,0.5908886196229024,0.6019795849554841,
