,count,mean,std,min,lq,med,uq,max
HV,10.0,0.8150583674727985,0.011530058461176088,0.7933675328679953,0.8101559402669485,0.8127134968023035,0.8200099314807918,0.8339977013427523
