,count,mean,std,min,lq,med,uq,max
HV,10.0,0.8052584788014945,0.012119554148131493,0.7757175294640607,0.8034878319337153,0.806523541213643,0.8115773834552742,0.8221808410522564
