,count,mean,std,min,lq,med,uq,max
HV,20.0,0.7306346878127326,0.008154792990972578,0.7164680993006085,0.7258537529654052,0.7288249721628697,0.7354147339979805,0.7476334378020207
