,count,mean,std,min,lq,med,uq,max
HV,10.0,0.7400864924826042,0.051669858361183214,0.6406341245872863,0.7344741438221876,0.7594984231312023,0.774129134388003,0.7823873212020018
