,count,mean,std,min,lq,med,uq,max
HV,10.0,0.5746625530933329,0.005791418741795053,0.5651975567644902,0.5711405900090114,0.5744046038113788,0.5786885210791484,0.5827528466848363
