,count,mean,std,min,lq,med,uq,max
HV,20.0,0.8140786192157972,0.002765753197376251,0.8080755390891707,0.8126098916582588,0.8143674201769759,0.8152680180208992,0.819670457194988
