,count,mean,std,min,lq,med,uq,max
HV,10.0,0.7123437768472354,0.010694923365026185,0.6980083791810283,0.7082367122630108,0.7111245916469082,0.7189562209224449,0.7328461063054659
