,count,mean,std,min,lq,med,uq,max
HV,10.0,0.7385219857970537,0.021979943597477698,0.679259255474308,0.7385069530086334,0.7447180881742761,0.7473402844900712,0.759684656876858
