,count,mean,std,min,lq,med,uq,max
HV,10.0,0.8168249899005751,0.00293690524618872,0.8128154763072383,0.8141584227711686,0.8168181133669031,0.8188297793145176,0.8208578935062698
