,count,mean,std,min,lq,med,uq,max
HV,10.0,0.7142976212407183,0.061705420524023724,0.5909689230124296,0.6787052412563469,0.7192134851213854,0.7659913700428902,0.7820442204748634
