,count,mean,std,min,lq,med,uq,max
HV,10.0,0.7368215493174367,0.03417491656970063,0.6409959438664053,0.7426352493709635,0.747505665957627,0.7510854792472323,0.7569162531851912
