,count,mean,std,min,lq,med,uq,max,outliers
HV,10.0,0.7957691090901082,0.02102626755964672,0.7569222020655878,0.7834963217479405,0.796556819683554,0.8083146116911151,0.8287139933763431,
