,count,mean,std,min,lq,med,uq,max
HV,9.0,0.6454193305270866,0.0023892878050484154,0.6414867492122699,0.6441422515736508,0.644644483466895,0.6465422837824829,0.6499835360940267
