,count,mean,std,min,lq,med,uq,max
HV,10.0,0.6447840922689982,0.003018223497566293,0.6390669479462026,0.6440483626086786,0.6446378031069064,0.6464938987608285,0.6499835360940267
