,count,mean,std,min,lq,med,uq,max
HV,10.0,0.6383065860147246,0.004241458086360017,0.6319752162314936,0.6348742474967352,0.6389289679784216,0.6410303097255278,0.6448093418491024
