,count,mean,std,min,lq,med,uq,max,outliers
HV,10.0,0.8038747191753666,0.009235297540692246,0.7862296815118277,0.7990861435819809,0.804110752029346,0.810586037459303,0.8168739062356083,
