,count,mean,std,min,lq,med,uq,max
HV,19.0,0.7147360995936886,0.018517674716134695,0.687918402210254,0.7014192085701931,0.7148876717932797,0.7201351414136774,0.7527642213447929
