,count,mean,std,min,lq,med,uq,max
HV,20.0,0.7167014887163623,0.020052724788476993,0.687918402210254,0.7023328558621278,0.7153168402423472,0.7227390532975501,0.754043882047164
