,count,mean,std,min,lq,med,uq,max
HV,10.0,0.5815046887716052,0.008088948385878472,0.5697388144308095,0.577519228953521,0.5790664164766963,0.5856593945002296,0.5979521210857643
