,count,mean,std,min,lq,med,uq,max
HV,9.0,0.5796771962922542,0.006003167760826873,0.5697388144308095,0.577340823150163,0.5789313086294395,0.5806836064471937,0.5899955376031436
