,count,mean,std,min,lq,med,uq,max
HV,10.0,0.7341433217854476,0.057359544587743505,0.6153083315758081,0.7344282029625196,0.7499001746417704,0.7689161400842532,0.7938111775687863
