,count,mean,std,min,lq,med,uq,max
HV,10.0,0.7804598115421426,0.016130958854033373,0.7494215312901715,0.7780982816135452,0.7797982467732698,0.7844710485321031,0.8154538646675558
