,count,mean,std,min,lq,med,uq,max,outliers
HV,20.0,0.8005376615367364,0.009239961089465551,0.7848977417895087,0.791936478569226,0.8025209141767884,0.8078106290872249,0.8129365546571837,
