,count,mean,std,min,lq,med,uq,max
HV,19.0,0.7999580989307851,0.009112023401221579,0.7848977417895087,0.791825350104721,0.8020792035593147,0.8066580967598544,0.8129365546571837
