,count,mean,std,min,lq,med,uq,max
HV,10.0,0.7435082556745602,0.004751504167113709,0.7379229683309105,0.739285198964224,0.7442595605147211,0.7459832095074945,0.7530777414456795
