,count,mean,std,min,lq,med,uq,max
HV,10.0,0.7696045327340161,0.02324243731794091,0.7195102655116181,0.7610083998644503,0.7737008537126062,0.7799063707308734,0.8062253400715089
