,count,mean,std,min,lq,med,uq,max
HV,10.0,0.6972374203770185,0.030064757661705084,0.6507935865191344,0.6727043014698328,0.700559451944377,0.7234635253998469,0.7355016475488739
