,count,mean,std,min,lq,med,uq,max
HV,10.0,0.7581055038319324,0.0039555592035225885,0.7536850834117913,0.7557665049215379,0.7570499965286881,0.7581053418692582,0.7658387223228633
