,count,mean,std,min,lq,med,uq,max
HV,10.0,0.7753402933791463,0.07860329762969596,0.6311496089479438,0.7317775348302638,0.8154814966100813,0.8259888431026268,0.8335051319325141
