,count,mean,std,min,lq,med,uq,max
HV,10.0,0.729750973794445,0.030251071833890142,0.6530569665995386,0.7374554097255269,0.7425041838430683,0.7444110650075872,0.7487688337561736
