,count,mean,std,min,lq,med,uq,max
HV,10.0,0.7481855451997952,0.045047125578134145,0.6539433507851234,0.759238394286465,0.7687427526193424,0.7721592807400119,0.7754276249031937
