,count,mean,std,min,lq,med,uq,max,outliers
HV,10.0,0.7181910226740321,0.03862953666041727,0.6613497166020272,0.6832523453090544,0.7431201538342134,0.7480164470836708,0.7505834947066071,
