,count,mean,std,min,lq,med,uq,max
HV,10.0,0.7907564344382106,0.023006707956657584,0.732366615807874,0.7853008077337402,0.7946822526841028,0.8070605620096833,0.811100031636572
