,count,mean,std,min,lq,med,uq,max
HV,20.0,0.720417944774798,0.0031634338014742253,0.7108076069485022,0.71918783546505,0.7205764752834614,0.722192463242744,0.725397984439862
