,count,mean,std,min,lq,med,uq,max,outliers
HV,20.0,0.6914455432038844,0.006675520859264972,0.6776364243883848,0.6854010083974912,0.6925372871244555,0.69602025211314,0.7018564034638556,
