,count,mean,std,min,lq,med,uq,max
HV,20.0,0.7798248709503255,0.006474060799038515,0.7691590696085224,0.774201558062972,0.7805768670310542,0.7851224795401103,0.7906251653708497
