,count,mean,std,min,lq,med,uq,max
HV,10.0,0.7535483429023533,0.033976525623334225,0.6713216593646616,0.7387610372540951,0.7691128469965242,0.7724734447413522,0.7868673837776208
