,count,mean,std,min,lq,med,uq,max
HV,10.0,0.5830516844422285,0.00818271813396856,0.5655136662949279,0.5787874305981244,0.5852455128668087,0.5880239798231373,0.5926011725850604
