,count,mean,std,min,lq,med,uq,max
HV,10.0,0.7524346368607426,0.033662916492030195,0.6690679275525105,0.7452970294491393,0.7558944186599602,0.7719059390710739,0.7934417494977903
