,count,mean,std,min,lq,med,uq,max
HV,9.0,0.8523697839146497,0.0012857861538042616,0.8502965428034808,0.851666126041704,0.8523220843294849,0.85335607962805,0.8539735934740562
