,count,mean,std,min,lq,med,uq,max
HV,10.0,0.8528096879993272,0.00184518510366091,0.8502965428034808,0.8518076896892807,0.8525523505171979,0.8537501351562407,0.8567688247614242
