,count,mean,std,min,lq,med,uq,max
HV,10.0,0.68097848874154,0.07468885577552327,0.4879977303388381,0.69367965604566,0.7097104353329258,0.7143389698915972,0.7399502907100479
