,count,mean,std,min,lq,med,uq,max
HV,10.0,0.7275143029280231,0.0276087693896989,0.6648056421572448,0.7316928445330146,0.7383311110827628,0.7404494067389609,0.7549419179137216
