,count,mean,std,min,lq,med,uq,max,outliers
HV,10.0,0.6929922211362978,0.02361288985579683,0.6531674501277316,0.676226750293133,0.6951608682259232,0.7125444866286831,0.7262316474238966,
