,count,mean,std,min,lq,med,uq,max,outliers
HV,10.0,0.8521322648982224,0.00242666196801043,0.8494900104520826,0.8503484027535833,0.8515147510522163,0.8530915738593815,0.8570731765921404,
