,count,mean,std,min,lq,med,uq,max
HV,10.0,0.7375844876677439,0.037160041153203094,0.6525038945020444,0.7244316429792841,0.7418980341274514,0.7577009022429929,0.7948708707265599
