,count,mean,std,min,lq,med,uq,max
HV,10.0,0.7660530611116438,0.03157201403738854,0.6797491761561869,0.7685734086811151,0.7754018686789246,0.7808174740023315,0.7884714353294232
