,count,mean,std,min,lq,med,uq,max
HV,10.0,0.5916425906043312,0.008536276913648945,0.5787982813892739,0.5860573272026262,0.591795073929005,0.5972118660769443,0.6043770433624536
