,count,mean,std,min,lq,med,uq,max
HV,10.0,0.7951231623757062,0.03941887648263499,0.6906103455594668,0.7979416205133132,0.8029970646066853,0.8154024051803886,0.8293643451830315
