,count,mean,std,min,lq,med,uq,max,outliers
HV,10.0,0.8227600706416617,0.009689523263411102,0.8047679117059319,0.817245736070898,0.8222753503049525,0.8294410338351135,0.8365630669053424,
