,count,mean,std,min,lq,med,uq,max
HV,20.0,0.7227815809345788,0.004384052994758678,0.7155960155303984,0.7187685754183464,0.7235750329393378,0.7255893275713972,0.7292151960967445
