,count,mean,std,min,lq,med,uq,max
HV,10.0,0.7373938048789819,0.03196562576546637,0.6474910355840426,0.7440081658169235,0.7457468897445386,0.7496494519006974,0.7560969042994993
