,count,mean,std,min,lq,med,uq,max
HV,20.0,0.6929222009295886,0.006623001504106679,0.6851652788615128,0.6887503540533356,0.6917808620355396,0.6938251472612513,0.7065633942679623
