,count,mean,std,min,lq,med,uq,max
HV,20.0,0.794989734366543,0.004812681409317985,0.7843821175461381,0.7923995304950244,0.7957783355323216,0.7977837013963016,0.802641907327831
