,count,mean,std,min,lq,med,uq,max
HV,10.0,0.7240660252927696,0.08049118089431151,0.5446558304415899,0.6763526803723591,0.7535951419643891,0.7816981962500116,0.7927721917374662
