,count,mean,std,min,lq,med,uq,max
HV,10.0,0.7575321133932585,0.004048916153751266,0.7515867806920257,0.7555605170218724,0.7576897892656038,0.7583487071173304,0.7654064947382543
