,count,mean,std,min,lq,med,uq,max
HV,10.0,0.7662541025677578,0.01873458326511675,0.734970490530096,0.7556047569581047,0.7702290393120752,0.7774979270643431,0.7921096270192098
