,count,mean,std,min,lq,med,uq,max,outliers
HV,10.0,0.716533639577896,0.006845510734542903,0.7048946270238498,0.7118913429631013,0.7168410455433734,0.7205055353436934,0.7291789771930572,
