,count,mean,std,min,lq,med,uq,max
HV,10.0,0.6439247225414249,0.004627251948878423,0.6376415676102303,0.6411074233326444,0.6428092956052383,0.6468289467682619,0.652348247483658
