,count,mean,std,min,lq,med,uq,max
0,30.0,25404.366666666665,4014.694221046697,18705.0,22188.0,24639.0,27822.0,32320.0
