,count,mean,std,min,lq,med,uq,max,outliers
HV,30.0,0.8129672568155456,0.008647920351301134,0.798660051018978,0.807708511038761,0.812034712127219,0.8189543111837285,0.8334618819355176,
