,count,mean,std,min,lq,med,uq,max
HV,10.0,0.726817528796809,0.033623730958650344,0.6532988909004416,0.7371350098515387,0.7392557770942727,0.7439019007508083,0.751421442458703
