,count,mean,std,min,lq,med,uq,max
HV,10.0,0.7412798234670299,0.008673378401674195,0.7272681044133732,0.7334021687011059,0.7440927360255614,0.748065976110396,0.7524221819502912
