,count,mean,std,min,lq,med,uq,max,outliers
HV,20.0,0.7447666177540334,0.0062515987186895945,0.7313655327977965,0.7400656798691234,0.7443976099271714,0.7495130079228283,0.7559786341568113,
