,count,mean,std,min,lq,med,uq,max,outliers
HV,10.0,0.718737405163181,0.043336663012228514,0.6538914017473882,0.6860785880504361,0.7164512969623262,0.7555034130563483,0.7844869319512584,
