,count,mean,std,min,lq,med,uq,max
HV,20.0,0.6876087604593081,0.007090222102338063,0.6789834767193446,0.6822101370533958,0.6854266421238631,0.692192284112866,0.7074973446856794
