,count,mean,std,min,lq,med,uq,max
HV,20.0,0.7891821345475368,0.006576211024085692,0.7711794834829062,0.7865570599613153,0.7893556951836321,0.7945639158867651,0.7987665741597287
