,count,mean,std,min,lq,med,uq,max
HV,10.0,0.7046799411097825,0.08304490208223306,0.490521855095589,0.6967033308180285,0.7422644683586699,0.7484855417565976,0.7572443135379874
