,count,mean,std,min,lq,med,uq,max
HV,10.0,0.7133306453901105,0.006998039878659329,0.7042071565657777,0.7070852652152605,0.7142731330333807,0.7198536205017882,0.7216093972355653
