,count,mean,std,min,lq,med,uq,max
HV,20.0,0.7219656364248032,0.014877730360329007,0.6838176138073303,0.7187481692444314,0.7273040515091589,0.7309507579574269,0.739779383458078
