,count,mean,std,min,lq,med,uq,max
HV,18.0,0.7258411131723084,0.009332875267191443,0.7041994555306286,0.7223025681719815,0.7274602882528387,0.7312781998546137,0.739779383458078
