,count,mean,std,min,lq,med,uq,max
HV,10.0,0.7099867235256068,0.024621544315380033,0.6885729737925861,0.6924424606660547,0.7028667758931609,0.7145964071491135,0.7665808098782385
