,count,mean,std,min,lq,med,uq,max,outliers
HV,10.0,0.80461853903112,0.01582385355522825,0.7780233950446717,0.7936290351646503,0.805021805206819,0.8202462046125321,0.8214351790670014,
