,count,mean,std,min,lq,med,uq,max,outliers
HV,10.0,0.7574638682316758,0.06477447129830553,0.6204035865460473,0.7235930735930737,0.7809523809523811,0.7950294540488805,0.8225764984321877,
