,count,mean,std,min,lq,med,uq,max,outliers
HV,10.0,0.7440421927748477,0.048805333948769125,0.6713368654164213,0.6974043994858056,0.7530305032617706,0.7863107752561962,0.8031003840439546,
