,count,mean,std,min,lq,med,uq,max
HV,20.0,0.795053201500935,0.007867295126541387,0.780842654108149,0.7885225320470465,0.79616636832178,0.7999741701406826,0.809187420658281
