,count,mean,std,min,lq,med,uq,max
HV,10.0,0.7122009447115676,0.07589286535079279,0.5042338257887266,0.7375307542698483,0.7407742295079359,0.7435375111192742,0.748845274107437
