,count,mean,std,min,lq,med,uq,max
HV,10.0,0.6965816137305657,0.0797092863724887,0.4919008576516845,0.6881885782878752,0.733921771558752,0.738789879983776,0.7444039518756946
