,count,mean,std,min,lq,med,uq,max,outliers
HV,10.0,0.7140981735665373,0.009517084088700646,0.7000494457458022,0.7051850753642541,0.7151917119987303,0.7220841028215275,0.7259727608329751,
