,count,mean,std,min,lq,med,uq,max
HV,10.0,0.8077460744620781,0.015278995419631186,0.7682953494239341,0.8088700537821722,0.8128288301276276,0.814524590426533,0.8208088550364222
