,count,mean,std,min,lq,med,uq,max
HV,10.0,0.5413053601503821,0.08271105743755143,0.36191984945124417,0.5203681761864003,0.5564462572973208,0.5914995901043011,0.6284285624974479
