,count,mean,std,min,lq,med,uq,max,outliers
HV,10.0,0.5542416588553569,0.0760679427361512,0.4219106918789485,0.5279456506036404,0.5590154719951081,0.5994437613280933,0.6652083753426181,
