,count,mean,std,min,lq,med,uq,max,outliers
HV,10.0,0.8037454497398995,0.01827175356419122,0.7672581504218876,0.7970469863161816,0.8049925714125529,0.8192838921793594,0.8241751464693187,
