,count,mean,std,min,lq,med,uq,max,outliers
HV,10.0,0.7472816239226632,0.005718841481459082,0.7376150877653653,0.743766887702112,0.7459849056606026,0.7526635271047277,0.7547031848001597,
