,count,mean,std,min,lq,med,uq,max
HV,10.0,0.7050075095372402,0.09004187741541352,0.5110205900947699,0.6442182496548203,0.7508039409302534,0.7707575368799078,0.7812815067639445
