,count,mean,std,min,lq,med,uq,max
HV,10.0,0.8061651519356803,0.010774007894193572,0.7885913805961648,0.7990378330530837,0.8067692185244267,0.8138002990605534,0.8230257873134813
