,count,mean,std,min,lq,med,uq,max
HV,10.0,0.8252605622704327,0.0026971499091980374,0.8217774696541064,0.8236005906229413,0.8250494848470853,0.8261723852794876,0.830935537239657
