,count,mean,std,min,lq,med,uq,max
HV,9.0,0.8246300094960743,0.0019263906204870045,0.8217774696541064,0.8235169044696946,0.8248242530496974,0.8255413685727018,0.8279505032939332
