,count,mean,std,min,lq,med,uq,max,outliers
HV,10.0,0.7753914803943631,0.016284825839605038,0.7399172009604637,0.7670831565147088,0.7793241974404178,0.7862670787093969,0.7942189468014642,
