,count,mean,std,min,lq,med,uq,max,outliers
HV,10.0,0.7447289794570486,0.007677200502386446,0.7343819111544677,0.739251772678334,0.7441385104791158,0.7492405196497449,0.7576514731600635,
