,count,mean,std,min,lq,med,uq,max
HV,10.0,0.7615851098249261,0.03430948656058543,0.6774178558442578,0.7566711527221907,0.7673378479296067,0.7867923177226908,0.7905358524205053
