,count,mean,std,min,lq,med,uq,max,outliers
HV,10.0,0.803111116450617,0.02678918031495748,0.7556214984522107,0.7915049797565985,0.812005878795888,0.8218594695467961,0.8345159003808402,
