,count,mean,std,min,lq,med,uq,max
HV,10.0,0.7355031341723077,0.07984235597956417,0.5643270014091475,0.7576167382906474,0.7687181868621256,0.7732430689992877,0.7943479817537396
