,count,mean,std,min,lq,med,uq,max
HV,20.0,0.7216890446043485,0.015512701400171146,0.6837612861860864,0.7156532455441807,0.7228432217029587,0.732307772365967,0.7405031112767578
