,count,mean,std,min,lq,med,uq,max
HV,10.0,0.7754814497514873,0.044150040492064516,0.6559525926473748,0.781557631662407,0.789532683402288,0.7936180814014668,0.8064590904348425
