,count,mean,std,min,lq,med,uq,max
HV,10.0,0.7548759317067281,0.060502516667687634,0.5866968418843289,0.7634364069151829,0.7713331429296777,0.775859456673274,0.7973549796896675
