,count,mean,std,min,lq,med,uq,max
HV,10.0,0.730549731942515,0.03423224405571018,0.6559697893281606,0.7228013931625393,0.7480073997194585,0.7514585270589815,0.7567518264883848
