,count,mean,std,min,lq,med,uq,max,outliers
HV,20.0,0.7465450551307742,0.005190608932899536,0.733352173103889,0.7436683481052937,0.7478853908401306,0.7506384303146502,0.7524802338130832,
