,count,mean,std,min,lq,med,uq,max
HV,10.0,0.7046025116179455,0.0398799037848848,0.6403770697693019,0.6700366030584467,0.7202556317336455,0.7308701230229284,0.7470546677839822
