,count,mean,std,min,lq,med,uq,max,outliers
HV,20.0,0.8112697397459312,0.0037895633276034527,0.8040995365087866,0.8094219389228772,0.8106913721425797,0.8143400902009523,0.8182753998761065,
