,count,mean,std,min,lq,med,uq,max,outliers
HV,20.0,0.6928040417286259,0.007936010293836901,0.6786863412142953,0.6860683715470015,0.6930883423684524,0.6992385335818814,0.7049007870799567,
