,count,mean,std,min,lq,med,uq,max
HV,10.0,0.8335386907264798,0.006095264003608037,0.8204884846882996,0.8311710337149745,0.8334847083228212,0.8361748180897117,0.8429432423882008
