,count,mean,std,min,lq,med,uq,max,outliers
HV,10.0,0.6425403927753843,0.004326292726468925,0.6365683639346997,0.6393388634906597,0.6416000473605229,0.6458066509165401,0.6490588376560719,
