,count,mean,std,min,lq,med,uq,max
HV,10.0,0.6855299602939386,0.04655448249112468,0.5906309115953989,0.660798345633574,0.6901968000428387,0.7175834323984679,0.7512558818210309
