,count,mean,std,min,lq,med,uq,max
HV,10.0,0.6800881156384169,0.13666049605201805,0.3068417529100789,0.6882944225222314,0.7368240491820458,0.7399611144219382,0.7542243818282125
