,count,mean,std,min,lq,med,uq,max
HV,19.0,0.7878198987503235,0.003908073494281939,0.7790413718258307,0.7857579361742174,0.7888959637340767,0.7902687506757813,0.7939041532011004
