,count,mean,std,min,lq,med,uq,max
HV,20.0,0.7870559967322223,0.005112740964849219,0.7725418583882969,0.7855645125765385,0.7887085470804249,0.790014456711959,0.7939041532011004
