,count,mean,std,min,lq,med,uq,max,outliers
HV,20.0,0.8115214622273792,0.004367064634871526,0.8015471167669788,0.8084475556010556,0.8126811934005258,0.8144553510179169,0.8189142923220125,
