,count,mean,std,min,lq,med,uq,max
HV,20.0,0.8508948744748928,0.003008644480113843,0.8438643071390527,0.8490352847892164,0.8510085659021829,0.853384512496446,0.8550996952477063
