,count,mean,std,min,lq,med,uq,max
HV,20.0,0.6933793649120988,0.006990378316714828,0.6792311453800831,0.6898017805863029,0.6921567197183027,0.6961035186414026,0.7118512249842291
