,count,mean,std,min,lq,med,uq,max
HV,20.0,0.7333826968492352,0.015211180914613398,0.6897214064434636,0.7333821371520388,0.7367429969773002,0.7404242701213504,0.7510650060397548
