,count,mean,std,min,lq,med,uq,max,outliers
HV,20.0,0.7513824453773016,0.003476105368260906,0.7447556689689712,0.7494108213198156,0.7516293667410159,0.7540285367708274,0.7572608969655829,
