,count,mean,std,min,lq,med,uq,max,outliers
HV,10.0,0.7973585510908252,0.017184781571503185,0.7686583424133733,0.7837815941833159,0.7976252106339807,0.8128411094235077,0.8193365705305375,
