,count,mean,std,min,lq,med,uq,max,outliers
HV,20.0,0.8517026883076838,0.0034785422516672763,0.8442679737776869,0.8498067766337886,0.8523280912735121,0.8535501039201316,0.8585853246352784,
