,count,mean,std,min,lq,med,uq,max
HV,10.0,0.8052552750980133,0.021357338943703744,0.7614282110119298,0.8013405496754249,0.8077829971446994,0.8166436400478952,0.8396594463199459
