,count,mean,std,min,lq,med,uq,max,outliers
HV,20.0,0.8200582273107712,0.0038947559849596206,0.8141243277228477,0.8174599837412049,0.8192750819947859,0.8223996940463175,0.82826147025962,
