,count,mean,std,min,lq,med,uq,max,outliers
HV,10.0,0.7771199506629664,0.023424394713039302,0.744058531662602,0.7645540244522668,0.7682356804465964,0.7937291508984385,0.8214527994361481,
