,count,mean,std,min,lq,med,uq,max,outliers
HV,20.0,0.8098473435291197,0.002730081046367592,0.8048520089223142,0.8080887505956887,0.8092154530637419,0.8117928325143866,0.8152880730124022,
