,count,mean,std,min,lq,med,uq,max
HV,10.0,0.85173124131496,0.0024018724253289914,0.847361149488809,0.8503281793753581,0.8517818598299634,0.8527702023539211,0.855546611883337
