,count,mean,std,min,lq,med,uq,max
HV,10.0,0.7593883622946298,0.04606455191521734,0.63484306080461,0.7600149144961378,0.7744801375065087,0.782027789998891,0.7935219372262712
